Id,MSSubClass,MSZoning,LotFrontage,LotArea,Street,Alley,LotShape,LandContour,Utilities
1,60,RL,65,8450,Pave,NA,Reg,Lvl,AllPub
2,20,RL,80,9600,Pave,NA,Reg,Lvl,AllPub
3,60,RL,68,11250,Pave,NA,IR1,Lvl,AllPub
4,70,RL,60,9550,Pave,NA,IR1,Lvl,AllPub
5,60,RL,84,14260,Pave,NA,IR1,Lvl,AllPub
6,50,RL,85,14115,Pave,NA,IR1,Lvl,AllPub
7,20,RL,75,10084,Pave,NA,Reg,Lvl,AllPub
8,60,RL,NA,10382,Pave,NA,IR1,Lvl,AllPub
9,50,RM,51,6120,Pave,NA,Reg,Lvl,AllPub
10,190,RL,50,7420,Pave,NA,Reg,Lvl,AllPub
11,20,RL,70,11200,Pave,NA,Reg,Lvl,AllPub
12,60,RL,85,11924,Pave,NA,IR1,Lvl,AllPub
13,20,RL,NA,12968,Pave,NA,IR2,Lvl,AllPub
14,20,RL,91,10652,Pave,NA,IR1,Lvl,AllPub
15,20,RL,NA,10920,Pave,NA,IR1,Lvl,AllPub
16,45,RM,51,6120,Pave,NA,Reg,Lvl,AllPub
17,20,RL,NA,11241,Pave,NA,IR1,Lvl,AllPub
18,90,RL,72,10791,Pave,NA,Reg,Lvl,AllPub
19,20,RL,66,13695,Pave,NA,Reg,Lvl,AllPub
20,20,RL,70,7560,Pave,NA,Reg,Lvl,AllPub
21,60,RL,101,14215,Pave,NA,IR1,Lvl,AllPub
22,45,RM,57,7449,Pave,Grvl,Reg,Bnk,AllPub
23,20,RL,75,9742,Pave,NA,Reg,Lvl,AllPub
24,120,RM,44,4224,Pave,NA,Reg,Lvl,AllPub
25,20,RL,NA,8246,Pave,NA,IR1,Lvl,AllPub
26,20,RL,110,14230,Pave,NA,Reg,Lvl,AllPub
27,20,RL,60,7200,Pave,NA,Reg,Lvl,AllPub
28,20,RL,98,11478,Pave,NA,Reg,Lvl,AllPub
29,20,RL,47,16321,Pave,NA,IR1,Lvl,AllPub
30,30,RM,60,6324,Pave,NA,IR1,Lvl,AllPub
31,70,C (all),50,8500,Pave,Pave,Reg,Lvl,AllPub
32,20,RL,NA,8544,Pave,NA,IR1,Lvl,AllPub
33,20,RL,85,11049,Pave,NA,Reg,Lvl,AllPub
34,20,RL,70,10552,Pave,NA,IR1,Lvl,AllPub
35,120,RL,60,7313,Pave,NA,Reg,Lvl,AllPub
36,60,RL,108,13418,Pave,NA,Reg,Lvl,AllPub
37,20,RL,112,10859,Pave,NA,Reg,Lvl,AllPub
38,20,RL,74,8532,Pave,NA,Reg,Lvl,AllPub
39,20,RL,68,7922,Pave,NA,Reg,Lvl,AllPub
40,90,RL,65,6040,Pave,NA,Reg,Lvl,AllPub
41,20,RL,84,8658,Pave,NA,Reg,Lvl,AllPub
42,20,RL,115,16905,Pave,NA,Reg,Lvl,AllPub
43,85,RL,NA,9180,Pave,NA,IR1,Lvl,AllPub
44,20,RL,NA,9200,Pave,NA,IR1,Lvl,AllPub
45,20,RL,70,7945,Pave,NA,Reg,Lvl,AllPub
46,120,RL,61,7658,Pave,NA,Reg,Lvl,AllPub
47,50,RL,48,12822,Pave,NA,IR1,Lvl,AllPub
48,20,FV,84,11096,Pave,NA,Reg,Lvl,AllPub
49,190,RM,33,4456,Pave,NA,Reg,Lvl,AllPub
50,20,RL,66,7742,Pave,NA,Reg,Lvl,AllPub
51,60,RL,NA,13869,Pave,NA,IR2,Lvl,AllPub
52,50,RM,52,6240,Pave,NA,Reg,Lvl,AllPub
53,90,RM,110,8472,Grvl,NA,IR2,Bnk,AllPub
54,20,RL,68,50271,Pave,NA,IR1,Low,AllPub
55,80,RL,60,7134,Pave,NA,Reg,Bnk,AllPub
56,20,RL,100,10175,Pave,NA,IR1,Lvl,AllPub
57,160,FV,24,2645,Pave,Pave,Reg,Lvl,AllPub
58,60,RL,89,11645,Pave,NA,IR1,Lvl,AllPub
59,60,RL,66,13682,Pave,NA,IR2,HLS,AllPub
60,20,RL,60,7200,Pave,NA,Reg,Bnk,AllPub
61,20,RL,63,13072,Pave,NA,Reg,Lvl,AllPub
62,75,RM,60,7200,Pave,NA,Reg,Lvl,AllPub
63,120,RL,44,6442,Pave,NA,IR1,Lvl,AllPub
64,70,RM,50,10300,Pave,NA,IR1,Bnk,AllPub
65,60,RL,NA,9375,Pave,NA,Reg,Lvl,AllPub
66,60,RL,76,9591,Pave,NA,Reg,Lvl,AllPub
67,20,RL,NA,19900,Pave,NA,Reg,Lvl,AllPub
68,20,RL,72,10665,Pave,NA,IR1,Lvl,AllPub
69,30,RM,47,4608,Pave,NA,Reg,Lvl,AllPub
70,50,RL,81,15593,Pave,NA,Reg,Lvl,AllPub
71,20,RL,95,13651,Pave,NA,IR1,Lvl,AllPub
72,20,RL,69,7599,Pave,NA,Reg,Lvl,AllPub
73,60,RL,74,10141,Pave,NA,IR1,Lvl,AllPub
74,20,RL,85,10200,Pave,NA,Reg,Lvl,AllPub
75,50,RM,60,5790,Pave,NA,Reg,Lvl,AllPub
76,180,RM,21,1596,Pave,NA,Reg,Lvl,AllPub
77,20,RL,NA,8475,Pave,NA,IR1,Lvl,AllPub
78,50,RM,50,8635,Pave,NA,Reg,Lvl,AllPub
79,90,RL,72,10778,Pave,NA,Reg,Lvl,AllPub
80,50,RM,60,10440,Pave,Grvl,Reg,Lvl,AllPub
81,60,RL,100,13000,Pave,NA,Reg,Lvl,AllPub
82,120,RM,32,4500,Pave,NA,Reg,Lvl,AllPub
83,20,RL,78,10206,Pave,NA,Reg,Lvl,AllPub
84,20,RL,80,8892,Pave,NA,IR1,Lvl,AllPub
85,80,RL,NA,8530,Pave,NA,IR1,Lvl,AllPub
86,60,RL,121,16059,Pave,NA,Reg,Lvl,AllPub
87,60,RL,122,11911,Pave,NA,IR2,Lvl,AllPub
88,160,FV,40,3951,Pave,Pave,Reg,Lvl,AllPub
89,50,C (all),105,8470,Pave,NA,IR1,Lvl,AllPub
90,20,RL,60,8070,Pave,NA,Reg,Lvl,AllPub
91,20,RL,60,7200,Pave,NA,Reg,Lvl,AllPub
92,20,RL,85,8500,Pave,NA,Reg,Lvl,AllPub
93,30,RL,80,13360,Pave,Grvl,IR1,HLS,AllPub
94,190,C (all),60,7200,Pave,NA,Reg,Lvl,AllPub
95,60,RL,69,9337,Pave,NA,IR1,Lvl,AllPub
96,60,RL,NA,9765,Pave,NA,IR2,Lvl,AllPub
97,20,RL,78,10264,Pave,NA,IR1,Lvl,AllPub
98,20,RL,73,10921,Pave,NA,Reg,HLS,AllPub
99,30,RL,85,10625,Pave,NA,Reg,Lvl,AllPub
100,20,RL,77,9320,Pave,NA,IR1,Lvl,AllPub
101,20,RL,NA,10603,Pave,NA,IR1,Lvl,AllPub
102,60,RL,77,9206,Pave,NA,Reg,Lvl,AllPub
103,90,RL,64,7018,Pave,NA,Reg,Bnk,AllPub
104,20,RL,94,10402,Pave,NA,IR1,Lvl,AllPub
105,50,RM,NA,7758,Pave,NA,Reg,Lvl,AllPub
106,60,FV,75,9375,Pave,NA,Reg,Lvl,AllPub
107,30,RM,60,10800,Pave,Grvl,Reg,Lvl,AllPub
108,20,RM,50,6000,Pave,NA,Reg,Lvl,AllPub
109,50,RM,85,8500,Pave,NA,Reg,Lvl,AllPub
110,20,RL,105,11751,Pave,NA,IR1,Lvl,AllPub
111,50,RL,75,9525,Pave,NA,Reg,Lvl,AllPub
112,80,RL,NA,7750,Pave,NA,IR1,Lvl,AllPub
113,60,RL,77,9965,Pave,NA,Reg,Lvl,AllPub
114,20,RL,NA,21000,Pave,NA,Reg,Bnk,AllPub
115,70,RL,61,7259,Pave,NA,IR1,Lvl,AllPub
116,160,FV,34,3230,Pave,Pave,Reg,Lvl,AllPub
117,20,RL,NA,11616,Pave,NA,Reg,Lvl,AllPub
118,20,RL,74,8536,Pave,NA,Reg,Lvl,AllPub
119,60,RL,90,12376,Pave,NA,Reg,Lvl,AllPub
120,60,RL,65,8461,Pave,NA,Reg,Lvl,AllPub
121,80,RL,NA,21453,Pave,NA,IR1,Low,AllPub
122,50,RM,50,6060,Pave,NA,Reg,Lvl,AllPub
123,20,RL,75,9464,Pave,NA,Reg,Lvl,AllPub
124,120,RL,55,7892,Pave,NA,Reg,Lvl,AllPub
125,20,RL,48,17043,Pave,NA,IR1,Lvl,AllPub
126,190,RM,60,6780,Pave,NA,Reg,Lvl,AllPub
127,120,RL,NA,4928,Pave,NA,IR1,Lvl,AllPub
128,45,RM,55,4388,Pave,NA,IR1,Bnk,AllPub
129,60,RL,69,7590,Pave,NA,Reg,Lvl,AllPub
130,20,RL,69,8973,Pave,NA,Reg,Lvl,AllPub
131,60,RL,88,14200,Pave,NA,Reg,Lvl,AllPub
132,60,RL,NA,12224,Pave,NA,IR1,Lvl,AllPub
133,20,RL,75,7388,Pave,NA,Reg,Lvl,AllPub
134,20,RL,NA,6853,Pave,NA,IR1,Lvl,AllPub
135,20,RL,78,10335,Pave,NA,IR1,Lvl,AllPub
136,20,RL,80,10400,Pave,NA,Reg,Lvl,AllPub
137,20,RL,NA,10355,Pave,NA,IR1,Lvl,AllPub
138,90,RL,82,11070,Pave,NA,Reg,Lvl,AllPub
139,60,RL,73,9066,Pave,NA,IR1,Lvl,AllPub
140,60,RL,65,15426,Pave,NA,IR1,Lvl,AllPub
141,20,RL,70,10500,Pave,NA,Reg,Lvl,AllPub
142,20,RL,78,11645,Pave,NA,Reg,Lvl,AllPub
143,50,RL,71,8520,Pave,NA,Reg,Lvl,AllPub
144,20,RL,78,10335,Pave,NA,IR1,Lvl,AllPub
145,90,RM,70,9100,Pave,NA,Reg,Lvl,AllPub
146,160,RM,24,2522,Pave,NA,Reg,Lvl,AllPub
147,30,RM,51,6120,Pave,NA,Reg,Lvl,AllPub
148,60,RL,NA,9505,Pave,NA,IR1,Lvl,AllPub
149,20,RL,63,7500,Pave,NA,Reg,Lvl,AllPub
150,50,RM,NA,6240,Pave,NA,Reg,Lvl,AllPub
151,20,RL,120,10356,Pave,NA,Reg,Lvl,AllPub
152,20,RL,107,13891,Pave,NA,Reg,Lvl,AllPub
153,60,RL,NA,14803,Pave,NA,IR1,Lvl,AllPub
154,20,RL,NA,13500,Pave,NA,Reg,Lvl,AllPub
155,30,RM,84,11340,Pave,NA,Reg,Lvl,AllPub
156,50,RL,60,9600,Pave,NA,Reg,Lvl,AllPub
157,20,RL,60,7200,Pave,NA,Reg,Lvl,AllPub
158,60,RL,92,12003,Pave,NA,Reg,Lvl,AllPub
159,60,FV,100,12552,Pave,NA,Reg,Lvl,AllPub
160,60,RL,134,19378,Pave,NA,IR1,HLS,AllPub
161,20,RL,NA,11120,Pave,NA,IR1,Lvl,AllPub
162,60,RL,110,13688,Pave,NA,IR1,Lvl,AllPub
163,20,RL,95,12182,Pave,NA,Reg,Lvl,AllPub
164,45,RL,55,5500,Pave,NA,Reg,Lvl,AllPub
165,40,RM,40,5400,Pave,Pave,Reg,Lvl,AllPub
166,190,RL,62,10106,Pave,NA,Reg,Lvl,AllPub
167,20,RL,NA,10708,Pave,NA,IR1,Lvl,AllPub
168,60,RL,86,10562,Pave,NA,Reg,Lvl,AllPub
169,60,RL,62,8244,Pave,NA,IR1,Lvl,AllPub
170,20,RL,NA,16669,Pave,NA,IR1,Lvl,AllPub
171,50,RM,NA,12358,Pave,NA,IR1,Lvl,AllPub
172,20,RL,141,31770,Pave,NA,IR1,Lvl,AllPub
173,160,RL,44,5306,Pave,NA,IR1,Lvl,AllPub
174,20,RL,80,10197,Pave,NA,IR1,Lvl,AllPub
175,20,RL,47,12416,Pave,NA,IR1,Lvl,AllPub
176,20,RL,84,12615,Pave,NA,Reg,Lvl,AllPub
177,60,RL,97,10029,Pave,NA,IR1,Lvl,AllPub
178,50,RL,NA,13650,Pave,NA,Reg,Lvl,AllPub
179,20,RL,63,17423,Pave,NA,IR1,Lvl,AllPub
180,30,RM,60,8520,Pave,NA,Reg,Lvl,AllPub
181,160,FV,NA,2117,Pave,NA,Reg,Lvl,AllPub
182,70,RL,54,7588,Pave,NA,Reg,Lvl,AllPub
183,20,RL,60,9060,Pave,NA,Reg,Lvl,AllPub
184,50,RM,63,11426,Pave,NA,Reg,Lvl,AllPub
185,50,RL,92,7438,Pave,NA,IR1,Lvl,AllPub
186,75,RM,90,22950,Pave,NA,IR2,Lvl,AllPub
187,80,RL,NA,9947,Pave,NA,IR1,Lvl,AllPub
188,50,RL,60,10410,Pave,NA,Reg,Lvl,AllPub
189,90,RL,64,7018,Pave,NA,Reg,Bnk,AllPub
190,120,RL,41,4923,Pave,NA,Reg,Lvl,AllPub
191,70,RL,70,10570,Pave,NA,Reg,Bnk,AllPub
192,60,RL,NA,7472,Pave,NA,IR1,Lvl,AllPub
193,20,RL,68,9017,Pave,NA,IR1,Lvl,AllPub
194,160,RM,24,2522,Pave,NA,Reg,Lvl,AllPub
195,20,RL,60,7180,Pave,NA,IR1,Lvl,AllPub
196,160,RL,24,2280,Pave,NA,Reg,Lvl,AllPub
197,20,RL,79,9416,Pave,NA,Reg,Lvl,AllPub
198,75,RL,174,25419,Pave,NA,Reg,Lvl,AllPub
199,75,RM,92,5520,Pave,NA,Reg,Lvl,AllPub
200,20,RL,76,9591,Pave,NA,Reg,Lvl,AllPub
201,20,RM,80,8546,Pave,NA,Reg,Lvl,AllPub
202,20,RL,75,10125,Pave,NA,Reg,Lvl,AllPub
203,50,RL,50,7000,Pave,NA,Reg,Lvl,AllPub
204,120,RM,NA,4438,Pave,NA,Reg,Lvl,AllPub
205,50,RM,50,3500,Pave,Grvl,Reg,Lvl,AllPub
206,20,RL,99,11851,Pave,NA,Reg,Lvl,AllPub
207,20,RL,40,13673,Pave,NA,IR1,Lvl,AllPub
208,20,RL,NA,12493,Pave,NA,IR1,Lvl,AllPub
209,60,RL,NA,14364,Pave,NA,IR1,Low,AllPub
210,20,RL,75,8250,Pave,NA,Reg,Lvl,AllPub
211,30,RL,67,5604,Pave,NA,Reg,Lvl,AllPub
212,20,RL,83,10420,Pave,NA,Reg,Lvl,AllPub
213,60,FV,72,8640,Pave,NA,Reg,Lvl,AllPub
214,20,RL,43,13568,Pave,NA,IR2,Lvl,AllPub
215,60,RL,NA,10900,Pave,NA,IR1,Lvl,AllPub
216,20,RL,72,10011,Pave,NA,IR1,Lvl,AllPub
217,20,RL,65,8450,Pave,NA,Reg,Lvl,AllPub
218,70,RM,57,9906,Pave,Grvl,Reg,Lvl,AllPub
219,50,RL,NA,15660,Pave,NA,IR1,Lvl,AllPub
220,120,RL,43,3010,Pave,NA,Reg,Lvl,AllPub
221,20,RL,73,8990,Pave,NA,IR1,Lvl,AllPub
222,60,RL,NA,8068,Pave,NA,IR1,Lvl,AllPub
223,60,RL,85,11475,Pave,NA,Reg,Lvl,AllPub
224,20,RL,70,10500,Pave,NA,Reg,Lvl,AllPub
225,20,RL,103,13472,Pave,NA,Reg,Lvl,AllPub
226,160,RM,21,1680,Pave,NA,Reg,Lvl,AllPub
227,60,RL,82,9950,Pave,NA,IR1,Lvl,AllPub
228,160,RM,21,1869,Pave,NA,Reg,Lvl,AllPub
229,20,RL,70,8521,Pave,NA,Reg,Lvl,AllPub
230,120,RL,43,3182,Pave,NA,Reg,Lvl,AllPub
231,20,RL,73,8760,Pave,NA,Reg,Lvl,AllPub
232,60,RL,174,15138,Pave,NA,IR1,Lvl,AllPub
233,160,RM,21,1680,Pave,NA,Reg,Lvl,AllPub
234,20,RL,75,10650,Pave,NA,Reg,Lvl,AllPub
235,60,RL,NA,7851,Pave,NA,Reg,Lvl,AllPub
236,160,RM,21,1680,Pave,NA,Reg,Lvl,AllPub
237,20,RL,65,8773,Pave,NA,Reg,Lvl,AllPub
238,60,RL,NA,9453,Pave,NA,IR1,Lvl,AllPub
239,20,RL,93,12030,Pave,NA,Reg,Lvl,AllPub
240,50,RL,52,8741,Pave,NA,Reg,Lvl,AllPub
241,20,FV,75,9000,Pave,NA,Reg,Lvl,AllPub
242,30,RM,40,3880,Pave,NA,Reg,Lvl,AllPub
243,50,RM,63,5000,Pave,NA,Reg,Lvl,AllPub
244,160,RL,75,10762,Pave,NA,Reg,Lvl,AllPub
245,60,RL,NA,8880,Pave,NA,IR1,Lvl,AllPub
246,20,RL,80,10400,Pave,NA,Reg,Lvl,AllPub
247,190,RM,69,9142,Pave,Grvl,Reg,Lvl,AllPub
248,20,RL,75,11310,Pave,NA,Reg,Lvl,AllPub
249,60,RL,72,11317,Pave,NA,Reg,Lvl,AllPub
250,50,RL,NA,159000,Pave,NA,IR2,Low,AllPub
251,30,RL,55,5350,Pave,NA,IR1,Lvl,AllPub
252,120,RM,44,4750,Pave,NA,IR1,HLS,AllPub
253,60,RL,65,8366,Pave,NA,IR1,Lvl,AllPub
254,80,RL,85,9350,Pave,NA,Reg,Lvl,AllPub
255,20,RL,70,8400,Pave,NA,Reg,Lvl,AllPub
256,60,RL,66,8738,Pave,NA,IR1,Lvl,AllPub
257,60,FV,64,8791,Pave,NA,IR1,Lvl,AllPub
258,20,RL,68,8814,Pave,NA,Reg,Lvl,AllPub
259,60,RL,80,12435,Pave,NA,Reg,Lvl,AllPub
260,20,RM,70,12702,Pave,NA,Reg,Lvl,AllPub
261,80,RL,120,19296,Pave,NA,Reg,Lvl,AllPub
262,60,RL,69,9588,Pave,NA,IR1,Lvl,AllPub
263,80,RL,88,8471,Pave,NA,IR1,Lvl,AllPub
264,50,RM,50,5500,Pave,NA,Reg,Lvl,AllPub
265,30,RM,30,5232,Pave,Grvl,IR3,Bnk,AllPub
266,20,RL,78,12090,Pave,NA,IR1,Lvl,AllPub
267,60,RL,70,11207,Pave,NA,IR1,HLS,AllPub
268,75,RL,60,8400,Pave,NA,Reg,Bnk,AllPub
269,30,RM,71,6900,Pave,NA,Reg,Lvl,AllPub
270,20,RL,NA,7917,Pave,NA,IR1,Lvl,AllPub
271,60,FV,84,10728,Pave,NA,Reg,Lvl,AllPub
272,20,RL,73,39104,Pave,NA,IR1,Low,AllPub
273,60,RL,92,11764,Pave,NA,IR1,Lvl,AllPub
274,20,RL,80,9600,Pave,NA,Reg,Lvl,AllPub
275,20,RL,76,8314,Pave,NA,Reg,Lvl,AllPub
276,50,RL,55,7264,Pave,NA,Reg,Lvl,AllPub
277,20,RL,129,9196,Pave,NA,IR1,Lvl,AllPub
278,20,RL,140,19138,Pave,NA,Reg,Lvl,AllPub
279,20,RL,107,14450,Pave,NA,Reg,Lvl,AllPub
280,60,RL,83,10005,Pave,NA,Reg,Lvl,AllPub
281,60,RL,82,11287,Pave,NA,Reg,Lvl,AllPub
282,20,FV,60,7200,Pave,Pave,Reg,Lvl,AllPub
283,120,RL,34,5063,Pave,NA,Reg,Lvl,AllPub
284,20,RL,74,9612,Pave,NA,Reg,Lvl,AllPub
285,120,RL,50,8012,Pave,NA,Reg,Lvl,AllPub
286,160,FV,35,4251,Pave,Pave,IR1,Lvl,AllPub
287,50,RL,77,9786,Pave,NA,IR1,Bnk,AllPub
288,20,RL,NA,8125,Pave,NA,IR1,Lvl,AllPub
289,20,RL,NA,9819,Pave,NA,IR1,Lvl,AllPub
290,70,RL,60,8730,Pave,NA,Reg,Lvl,AllPub
291,60,RL,120,15611,Pave,NA,Reg,Lvl,AllPub
292,190,RL,55,5687,Pave,Grvl,Reg,Bnk,AllPub
293,50,RL,60,11409,Pave,NA,Reg,Lvl,AllPub
294,60,RL,NA,16659,Pave,NA,IR1,Lvl,AllPub
295,20,RL,80,9600,Pave,NA,Reg,Lvl,AllPub
296,80,RL,37,7937,Pave,NA,IR1,Lvl,AllPub
297,50,RM,75,13710,Pave,NA,Reg,Lvl,AllPub
298,60,FV,66,7399,Pave,Pave,IR1,Lvl,AllPub
299,60,RL,90,11700,Pave,NA,Reg,Lvl,AllPub
300,20,RL,80,14000,Pave,NA,Reg,Lvl,AllPub
301,190,RL,90,15750,Pave,NA,Reg,Lvl,AllPub
302,60,RL,66,16226,Pave,NA,IR3,Lvl,AllPub
303,20,RL,118,13704,Pave,NA,IR1,Lvl,AllPub
304,20,RL,70,9800,Pave,NA,Reg,Lvl,AllPub
305,75,RM,87,18386,Pave,NA,Reg,Lvl,AllPub
306,20,RL,80,10386,Pave,NA,Reg,Lvl,AllPub
307,60,RL,116,13474,Pave,NA,Reg,Lvl,AllPub
308,50,RM,NA,7920,Pave,Grvl,IR1,Lvl,AllPub
309,30,RL,NA,12342,Pave,NA,IR1,Lvl,AllPub
310,20,RL,90,12378,Pave,NA,IR1,Lvl,AllPub
311,60,RL,NA,7685,Pave,NA,IR1,Lvl,AllPub
312,20,RL,50,8000,Pave,NA,Reg,Lvl,AllPub
313,190,RM,65,7800,Pave,NA,Reg,Lvl,AllPub
314,20,RL,150,215245,Pave,NA,IR3,Low,AllPub
315,70,RM,60,9600,Pave,Grvl,Reg,Lvl,AllPub
316,60,RL,71,7795,Pave,NA,IR1,Lvl,AllPub
317,60,RL,94,13005,Pave,NA,IR1,Lvl,AllPub
318,60,FV,75,9000,Pave,NA,Reg,Lvl,AllPub
319,60,RL,90,9900,Pave,NA,Reg,Low,AllPub
320,80,RL,NA,14115,Pave,NA,Reg,Lvl,AllPub
321,60,RL,111,16259,Pave,NA,Reg,Lvl,AllPub
322,60,RL,99,12099,Pave,NA,IR1,Lvl,AllPub
323,60,RL,86,10380,Pave,NA,IR1,Lvl,AllPub
324,20,RM,49,5820,Pave,NA,Reg,Lvl,AllPub
325,80,RL,96,11275,Pave,NA,Reg,Lvl,AllPub
326,45,RM,50,5000,Pave,NA,Reg,Lvl,AllPub
327,120,RL,32,10846,Pave,NA,IR1,Lvl,AllPub
328,20,RL,80,11600,Pave,NA,Reg,Lvl,AllPub
329,75,RL,NA,11888,Pave,Pave,IR1,Bnk,AllPub
330,70,RM,60,6402,Pave,NA,Reg,Lvl,AllPub
331,90,RL,NA,10624,Pave,NA,IR1,Lvl,AllPub
332,20,RL,70,8176,Pave,NA,Reg,Lvl,AllPub
333,20,RL,85,10655,Pave,NA,IR1,Lvl,AllPub
334,120,RM,59,8198,Pave,NA,Reg,Lvl,AllPub
335,60,RL,59,9042,Pave,NA,IR1,Lvl,AllPub
336,190,RL,NA,164660,Grvl,NA,IR1,HLS,AllPub
337,20,RL,86,14157,Pave,NA,IR1,HLS,AllPub
338,20,RL,70,9135,Pave,NA,Reg,Lvl,AllPub
339,20,RL,91,14145,Pave,NA,Reg,Lvl,AllPub
340,20,RL,66,12400,Pave,NA,IR1,Lvl,AllPub
341,60,RL,85,14191,Pave,NA,Reg,Lvl,AllPub
342,20,RH,60,8400,Pave,NA,Reg,Lvl,AllPub
343,90,RL,NA,8544,Pave,NA,Reg,Lvl,AllPub
344,120,RL,63,8849,Pave,NA,IR1,Lvl,AllPub
345,160,RM,36,2592,Pave,NA,Reg,Lvl,AllPub
346,50,RL,65,6435,Pave,NA,Reg,Lvl,AllPub
347,20,RL,NA,12772,Pave,NA,IR1,Lvl,AllPub
348,20,RL,NA,17600,Pave,NA,IR1,Lvl,AllPub
349,160,RL,36,2448,Pave,NA,Reg,Lvl,AllPub
350,60,RL,56,20431,Pave,NA,IR2,Lvl,AllPub
351,120,RL,68,7820,Pave,NA,IR1,Lvl,AllPub
352,120,RL,NA,5271,Pave,NA,IR1,Low,AllPub
353,50,RL,60,9084,Pave,NA,Reg,Lvl,AllPub
354,30,RM,60,8520,Pave,NA,Reg,Lvl,AllPub
355,50,RL,60,8400,Pave,NA,Reg,Bnk,AllPub
356,20,RL,105,11249,Pave,NA,IR2,Lvl,AllPub
357,20,RL,NA,9248,Pave,NA,IR1,Lvl,AllPub
358,120,RM,44,4224,Pave,NA,Reg,Lvl,AllPub
359,80,RL,92,6930,Pave,NA,IR1,Lvl,AllPub
360,60,RL,78,12011,Pave,NA,IR1,Lvl,AllPub
361,85,RL,NA,7540,Pave,NA,IR1,Lvl,AllPub
362,50,RL,NA,9144,Pave,Pave,Reg,Lvl,AllPub
363,85,RL,64,7301,Pave,NA,Reg,Lvl,AllPub
364,160,RM,21,1680,Pave,NA,Reg,Lvl,AllPub
365,60,RL,NA,18800,Pave,NA,IR1,Lvl,AllPub
366,70,RM,59,10690,Pave,NA,Reg,Lvl,AllPub
367,20,RL,NA,9500,Pave,NA,IR1,Lvl,AllPub
368,80,RL,101,9150,Pave,NA,IR1,Lvl,AllPub
369,20,RL,78,7800,Pave,NA,Reg,Lvl,AllPub
370,20,RL,NA,9830,Pave,NA,IR1,Lvl,AllPub
371,60,RL,NA,8121,Pave,NA,IR1,Lvl,AllPub
372,50,RL,80,17120,Pave,NA,Reg,Lvl,AllPub
373,120,RL,50,7175,Pave,NA,Reg,Lvl,AllPub
374,20,RL,79,10634,Pave,NA,Reg,Lvl,AllPub
375,60,RL,65,8200,Pave,NA,Reg,Lvl,AllPub
376,30,RL,NA,10020,Pave,NA,IR1,Low,AllPub
377,85,RL,57,8846,Pave,NA,IR1,Lvl,AllPub
378,60,FV,102,11143,Pave,NA,IR1,Lvl,AllPub
379,20,RL,88,11394,Pave,NA,Reg,Lvl,AllPub
380,60,RL,60,8123,Pave,NA,IR1,Lvl,AllPub
381,50,RL,50,5000,Pave,Pave,Reg,Lvl,AllPub
382,20,FV,60,7200,Pave,Pave,Reg,Lvl,AllPub
383,60,RL,79,9245,Pave,NA,IR1,Lvl,AllPub
384,45,RH,60,9000,Pave,NA,Reg,Lvl,AllPub
385,60,RL,NA,53107,Pave,NA,IR2,Low,AllPub
386,120,RL,43,3182,Pave,NA,Reg,Lvl,AllPub
387,50,RL,58,8410,Pave,NA,Reg,Lvl,AllPub
388,80,RL,72,7200,Pave,NA,Reg,Lvl,AllPub
389,20,RL,93,9382,Pave,NA,IR1,Lvl,AllPub
390,60,RL,96,12474,Pave,NA,Reg,Lvl,AllPub
391,50,RL,50,8405,Pave,Grvl,Reg,Lvl,AllPub
392,60,RL,71,12209,Pave,NA,IR1,Lvl,AllPub
393,20,RL,NA,8339,Pave,NA,IR1,Lvl,AllPub
394,30,RL,NA,7446,Pave,NA,Reg,Lvl,AllPub
395,50,RL,60,10134,Pave,NA,Reg,Lvl,AllPub
396,20,RL,68,9571,Pave,NA,Reg,Lvl,AllPub
397,20,RL,60,7200,Pave,NA,Reg,Low,AllPub
398,60,RL,69,7590,Pave,NA,Reg,Lvl,AllPub
399,30,RM,60,8967,Pave,NA,Reg,Lvl,AllPub
400,60,FV,65,8125,Pave,NA,Reg,Lvl,AllPub
401,120,RL,38,14963,Pave,NA,IR2,Lvl,AllPub
402,20,RL,65,8767,Pave,NA,IR1,Lvl,AllPub
403,30,RL,60,10200,Pave,NA,Reg,Lvl,AllPub
404,60,RL,93,12090,Pave,NA,Reg,Lvl,AllPub
405,60,RL,NA,10364,Pave,NA,IR1,Lvl,AllPub
406,20,RL,NA,9991,Pave,NA,IR1,Lvl,AllPub
407,50,RL,51,10480,Pave,NA,Reg,Lvl,AllPub
408,70,RL,63,15576,Pave,NA,Reg,Lvl,AllPub
409,60,RL,109,14154,Pave,NA,Reg,Lvl,AllPub
410,60,FV,85,10800,Pave,NA,Reg,Lvl,AllPub
411,20,RL,68,9571,Pave,NA,Reg,Lvl,AllPub
412,190,RL,100,34650,Pave,NA,Reg,Bnk,AllPub
413,20,FV,NA,4403,Pave,NA,IR2,Lvl,AllPub
414,30,RM,56,8960,Pave,Grvl,Reg,Lvl,AllPub
415,60,RL,59,11228,Pave,NA,IR2,Lvl,AllPub
416,20,RL,73,8899,Pave,NA,IR1,Lvl,AllPub
417,60,RL,74,7844,Pave,NA,Reg,Lvl,AllPub
418,70,RL,86,22420,Pave,NA,IR1,Lvl,AllPub
419,50,RL,60,8160,Pave,NA,Reg,Lvl,AllPub
420,20,RL,65,8450,Pave,NA,Reg,Lvl,AllPub
421,90,RM,78,7060,Pave,NA,Reg,Lvl,AllPub
422,20,RL,NA,16635,Pave,NA,IR1,Lvl,AllPub
423,20,RL,100,21750,Pave,NA,Reg,HLS,AllPub
424,60,RL,80,9200,Pave,NA,Reg,Lvl,AllPub
425,20,RL,72,9000,Pave,NA,Reg,Lvl,AllPub
426,60,RM,60,3378,Pave,Grvl,Reg,HLS,AllPub
427,80,RL,NA,12800,Pave,NA,Reg,Low,AllPub
428,20,RL,77,8593,Pave,NA,IR1,Lvl,AllPub
429,20,RL,64,6762,Pave,NA,Reg,Lvl,AllPub
430,20,RL,130,11457,Pave,NA,IR1,Lvl,AllPub
431,160,RM,21,1680,Pave,NA,Reg,Lvl,AllPub
432,50,RM,60,5586,Pave,NA,IR1,Bnk,AllPub
433,160,RM,24,1920,Pave,NA,Reg,Lvl,AllPub
434,60,RL,100,10839,Pave,NA,IR1,Lvl,AllPub
435,180,RM,21,1890,Pave,NA,Reg,Lvl,AllPub
436,60,RL,43,10667,Pave,NA,IR2,Lvl,AllPub
437,50,RM,40,4400,Pave,NA,Reg,Lvl,AllPub
438,45,RM,50,6000,Pave,NA,Reg,Lvl,AllPub
439,30,RL,40,4280,Pave,NA,Reg,Lvl,AllPub
440,50,RL,67,12354,Pave,Grvl,Reg,Lvl,AllPub
441,20,RL,105,15431,Pave,NA,Reg,Lvl,AllPub
442,90,RL,92,12108,Pave,NA,Reg,Lvl,AllPub
443,50,RM,52,6240,Pave,NA,Reg,Lvl,AllPub
444,120,RL,53,3922,Pave,NA,Reg,Lvl,AllPub
445,60,RL,70,8750,Pave,NA,Reg,Lvl,AllPub
446,20,RL,73,9855,Pave,NA,Reg,Lvl,AllPub
447,20,RL,137,16492,Pave,NA,IR1,Lvl,AllPub
448,60,RL,NA,11214,Pave,NA,IR1,Lvl,AllPub
449,50,RM,50,8600,Pave,NA,Reg,Bnk,AllPub
450,50,RM,50,6000,Pave,NA,Reg,Lvl,AllPub
451,30,RM,70,5684,Pave,NA,Reg,Lvl,AllPub
452,20,RL,62,70761,Pave,NA,IR1,Low,AllPub
453,60,RL,NA,9303,Pave,NA,IR1,Lvl,AllPub
454,60,FV,75,9000,Pave,NA,Reg,Lvl,AllPub
455,90,RL,63,9297,Pave,NA,Reg,Lvl,AllPub
456,20,RL,80,9600,Pave,NA,Reg,Lvl,AllPub
457,70,RM,34,4571,Pave,Grvl,Reg,Lvl,AllPub
458,20,RL,NA,53227,Pave,NA,IR1,Low,AllPub
459,70,RM,NA,5100,Pave,Grvl,Reg,Lvl,AllPub
460,50,RL,NA,7015,Pave,NA,IR1,Bnk,AllPub
461,60,FV,75,8004,Pave,NA,IR1,Lvl,AllPub
462,70,RL,60,7200,Pave,NA,Reg,Lvl,AllPub
463,20,RL,60,8281,Pave,NA,IR1,Lvl,AllPub
464,70,RL,74,11988,Pave,NA,IR1,HLS,AllPub
465,20,RL,60,8430,Pave,NA,Reg,HLS,AllPub
466,120,RM,NA,3072,Pave,NA,Reg,Lvl,AllPub
467,20,RL,85,10628,Pave,NA,Reg,Lvl,AllPub
468,70,RL,79,9480,Pave,NA,Reg,Lvl,AllPub
469,20,RL,98,11428,Pave,NA,IR1,Lvl,AllPub
470,60,RL,76,9291,Pave,NA,IR1,Lvl,AllPub
471,120,RL,NA,6820,Pave,NA,IR1,Lvl,AllPub
472,60,RL,92,11952,Pave,NA,Reg,Lvl,AllPub
473,180,RM,35,3675,Pave,NA,Reg,Lvl,AllPub
474,20,RL,110,14977,Pave,NA,IR1,Lvl,AllPub
475,120,RL,41,5330,Pave,NA,Reg,Lvl,AllPub
476,20,RL,80,8480,Pave,NA,Reg,Lvl,AllPub
477,20,RL,75,13125,Pave,NA,Reg,Lvl,AllPub
478,60,RL,105,13693,Pave,NA,Reg,Lvl,AllPub
479,20,RL,79,10637,Pave,NA,Reg,Lvl,AllPub
480,30,RM,50,5925,Pave,NA,Reg,Bnk,AllPub
481,20,RL,98,16033,Pave,NA,IR1,Lvl,AllPub
482,20,RL,72,11846,Pave,NA,IR1,HLS,AllPub
483,70,RM,50,2500,Pave,Pave,Reg,Lvl,AllPub
484,120,RM,32,4500,Pave,NA,Reg,Lvl,AllPub
485,20,RL,NA,7758,Pave,NA,IR1,Lvl,AllPub
486,20,RL,80,9600,Pave,NA,Reg,Lvl,AllPub
487,20,RL,79,10289,Pave,NA,Reg,Lvl,AllPub
488,20,RL,70,12243,Pave,NA,IR1,Lvl,AllPub
489,190,RL,60,10800,Pave,NA,Reg,Lvl,AllPub
490,180,RM,21,1526,Pave,NA,Reg,Lvl,AllPub
491,160,RM,NA,2665,Pave,NA,Reg,Lvl,AllPub
492,50,RL,79,9490,Pave,NA,Reg,Lvl,AllPub
493,60,RL,105,15578,Pave,NA,IR1,Lvl,AllPub
494,20,RL,70,7931,Pave,NA,Reg,Lvl,AllPub
495,30,RM,50,5784,Pave,NA,Reg,Lvl,AllPub
496,30,C (all),60,7879,Pave,NA,Reg,Lvl,AllPub
497,20,RL,NA,12692,Pave,NA,IR1,Lvl,AllPub
498,50,RL,60,9120,Pave,Pave,Reg,Lvl,AllPub
499,20,RL,65,7800,Pave,NA,Reg,Lvl,AllPub
500,20,RL,70,7535,Pave,NA,IR1,Lvl,AllPub
501,160,RM,21,1890,Pave,NA,Reg,Lvl,AllPub
502,60,FV,75,9803,Pave,NA,Reg,Lvl,AllPub
503,20,RL,70,9170,Pave,NA,Reg,Lvl,AllPub
504,20,RL,100,15602,Pave,NA,IR1,Lvl,AllPub
505,160,RL,24,2308,Pave,NA,Reg,Lvl,AllPub
506,90,RM,60,7596,Pave,Grvl,Reg,Lvl,AllPub
507,60,RL,80,9554,Pave,NA,IR1,Lvl,AllPub
508,20,FV,75,7862,Pave,NA,IR1,Lvl,AllPub
509,70,RM,60,9600,Pave,NA,Reg,Lvl,AllPub
510,20,RL,80,9600,Pave,NA,Reg,Lvl,AllPub
511,20,RL,75,14559,Pave,NA,Reg,Lvl,AllPub
512,120,RL,40,6792,Pave,NA,IR1,Lvl,AllPub
513,20,RL,70,9100,Pave,NA,Reg,Lvl,AllPub
514,20,RL,71,9187,Pave,NA,Reg,Bnk,AllPub
515,45,RL,55,10594,Pave,NA,Reg,Lvl,AllPub
516,20,RL,94,12220,Pave,NA,Reg,Lvl,AllPub
517,80,RL,NA,10448,Pave,NA,IR1,Lvl,AllPub
518,60,RL,79,10208,Pave,NA,IR1,Lvl,AllPub
519,60,RL,NA,9531,Pave,NA,IR1,Lvl,AllPub
520,70,RL,53,10918,Pave,NA,Reg,Lvl,AllPub
521,190,RL,60,10800,Pave,Grvl,Reg,Lvl,AllPub
522,20,RL,90,11988,Pave,NA,IR1,Lvl,AllPub
523,50,RM,50,5000,Pave,NA,Reg,Lvl,AllPub
524,60,RL,130,40094,Pave,NA,IR1,Bnk,AllPub
525,60,RL,95,11787,Pave,NA,IR1,Lvl,AllPub
526,20,FV,62,7500,Pave,Pave,Reg,Lvl,AllPub
527,20,RL,70,13300,Pave,NA,Reg,Lvl,AllPub
528,60,RL,67,14948,Pave,NA,IR1,Lvl,AllPub
529,30,RL,58,9098,Pave,NA,IR1,Lvl,AllPub
530,20,RL,NA,32668,Pave,NA,IR1,Lvl,AllPub
531,80,RL,85,10200,Pave,NA,Reg,Lvl,AllPub
532,70,RM,60,6155,Pave,NA,IR1,Lvl,AllPub
533,20,RL,60,7200,Pave,NA,Reg,Lvl,AllPub
534,20,RL,50,5000,Pave,NA,Reg,Low,AllPub
535,60,RL,74,9056,Pave,NA,IR1,Lvl,AllPub
536,190,RL,70,7000,Pave,NA,Reg,Lvl,AllPub
537,60,RL,57,8924,Pave,NA,IR1,Lvl,AllPub
538,20,RL,NA,12735,Pave,NA,IR1,Lvl,AllPub
539,20,RL,NA,11553,Pave,NA,IR1,Lvl,AllPub
540,20,RL,NA,11423,Pave,NA,Reg,Lvl,AllPub
541,20,RL,85,14601,Pave,NA,Reg,Lvl,AllPub
542,60,RL,NA,11000,Pave,NA,Reg,Lvl,AllPub
543,20,RL,78,10140,Pave,NA,Reg,Lvl,AllPub
544,120,RH,34,4058,Pave,NA,Reg,Lvl,AllPub
545,60,RL,58,17104,Pave,NA,IR1,Lvl,AllPub
546,50,RL,NA,13837,Pave,NA,IR1,Lvl,AllPub
547,50,RL,70,8737,Pave,NA,IR1,Bnk,AllPub
548,85,RL,54,7244,Pave,NA,Reg,Lvl,AllPub
549,20,RM,49,8235,Pave,NA,IR1,HLS,AllPub
550,60,FV,75,9375,Pave,NA,Reg,Lvl,AllPub
551,120,RL,53,4043,Pave,NA,Reg,Lvl,AllPub
552,20,RM,50,6000,Pave,NA,Reg,Lvl,AllPub
553,20,RL,87,11146,Pave,NA,IR1,Lvl,AllPub
554,20,RL,67,8777,Pave,NA,Reg,Lvl,AllPub
555,60,RL,85,10625,Pave,NA,Reg,Lvl,AllPub
556,45,RM,58,6380,Pave,NA,Reg,Lvl,AllPub
557,20,RL,69,14850,Pave,NA,IR1,Lvl,AllPub
558,50,C (all),60,11040,Pave,NA,Reg,Low,AllPub
559,60,RL,57,21872,Pave,NA,IR2,HLS,AllPub
560,120,RL,NA,3196,Pave,NA,Reg,Lvl,AllPub
561,20,RL,NA,11341,Pave,NA,IR1,Lvl,AllPub
562,20,RL,77,10010,Pave,NA,Reg,Lvl,AllPub
563,30,RL,63,13907,Pave,NA,Reg,Lvl,AllPub
564,50,RL,66,21780,Pave,NA,Reg,Lvl,AllPub
565,60,RL,NA,13346,Pave,NA,IR1,Lvl,AllPub
566,70,RL,66,6858,Pave,NA,Reg,Bnk,AllPub
567,60,RL,77,11198,Pave,NA,IR1,Lvl,AllPub
568,20,RL,70,10171,Pave,NA,IR1,Lvl,AllPub
569,50,RL,79,12327,Pave,NA,IR1,Low,AllPub
570,90,RL,NA,7032,Pave,NA,IR1,Lvl,AllPub
571,90,RL,74,13101,Pave,NA,IR1,Lvl,AllPub
572,20,RL,60,7332,Pave,NA,Reg,Lvl,AllPub
573,60,RL,83,13159,Pave,NA,IR1,HLS,AllPub
574,80,RL,76,9967,Pave,NA,IR1,Lvl,AllPub
575,80,RL,70,10500,Pave,NA,Reg,Lvl,AllPub
576,50,RL,80,8480,Pave,NA,Reg,Lvl,AllPub
577,50,RL,52,6292,Pave,NA,Reg,Lvl,AllPub
578,80,RL,96,11777,Pave,NA,IR1,Lvl,AllPub
579,160,FV,34,3604,Pave,Pave,Reg,Lvl,AllPub
580,50,RM,81,12150,Pave,Grvl,Reg,Lvl,AllPub
581,20,RL,NA,14585,Pave,NA,IR1,Lvl,AllPub
582,20,RL,98,12704,Pave,NA,Reg,Lvl,AllPub
583,90,RL,81,11841,Grvl,NA,Reg,Lvl,AllPub
584,75,RM,75,13500,Pave,NA,Reg,Lvl,AllPub
585,50,RM,51,6120,Pave,NA,Reg,Lvl,AllPub
586,20,RL,88,11443,Pave,NA,Reg,Lvl,AllPub
587,30,RL,55,10267,Pave,NA,Reg,Lvl,AllPub
588,85,RL,74,8740,Pave,NA,IR1,Lvl,AllPub
589,20,RL,65,25095,Pave,NA,IR1,Low,AllPub
590,40,RM,50,9100,Pave,NA,Reg,Lvl,AllPub
591,60,RL,64,8320,Pave,NA,Reg,Lvl,AllPub
592,60,RL,97,13478,Pave,NA,IR1,Lvl,AllPub
593,20,RL,60,6600,Pave,NA,Reg,Lvl,AllPub
594,120,RM,NA,4435,Pave,NA,Reg,Lvl,AllPub
595,20,RL,88,7990,Pave,NA,IR1,Lvl,AllPub
596,20,RL,69,11302,Pave,NA,IR1,Lvl,AllPub
597,70,RM,60,3600,Pave,Grvl,Reg,Lvl,AllPub
598,120,RL,53,3922,Pave,NA,Reg,Lvl,AllPub
599,20,RL,80,12984,Pave,NA,Reg,Bnk,AllPub
600,160,RM,24,1950,Pave,NA,Reg,Lvl,AllPub
601,60,RL,74,10927,Pave,NA,Reg,Lvl,AllPub
602,50,RM,50,9000,Pave,NA,Reg,Bnk,AllPub
603,60,RL,80,10041,Pave,NA,IR1,Lvl,AllPub
604,160,FV,30,3182,Pave,Pave,Reg,Lvl,AllPub
605,20,RL,88,12803,Pave,NA,IR1,Lvl,AllPub
606,60,RL,85,13600,Pave,NA,Reg,Lvl,AllPub
607,20,RL,82,12464,Pave,NA,IR2,Low,AllPub
608,20,RL,78,7800,Pave,NA,Reg,Bnk,AllPub
609,70,RL,78,12168,Pave,NA,Reg,HLS,AllPub
610,20,RL,61,7943,Pave,NA,Reg,Lvl,AllPub
611,60,RL,NA,11050,Pave,NA,Reg,Lvl,AllPub
612,80,RL,NA,10395,Pave,NA,IR1,Lvl,AllPub
613,60,RL,NA,11885,Pave,NA,Reg,Lvl,AllPub
614,20,RL,70,8402,Pave,NA,Reg,Lvl,AllPub
615,180,RM,21,1491,Pave,NA,Reg,Lvl,AllPub
616,85,RL,80,8800,Pave,NA,Reg,Lvl,AllPub
617,60,RL,NA,7861,Pave,NA,IR1,Lvl,AllPub
618,45,RL,59,7227,Pave,NA,Reg,HLS,AllPub
619,20,RL,90,11694,Pave,NA,Reg,Lvl,AllPub
620,60,RL,85,12244,Pave,NA,Reg,Lvl,AllPub
621,30,RL,45,8248,Pave,Grvl,Reg,Lvl,AllPub
622,60,RL,90,10800,Pave,NA,Reg,Lvl,AllPub
623,20,RL,71,7064,Pave,NA,Reg,Lvl,AllPub
624,160,FV,NA,2117,Pave,NA,Reg,Lvl,AllPub
625,60,RL,80,10400,Pave,NA,Reg,Lvl,AllPub
626,20,RL,87,10000,Pave,NA,IR1,Lvl,AllPub
627,20,RL,NA,12342,Pave,NA,IR1,Lvl,AllPub
628,80,RL,80,9600,Pave,NA,Reg,Lvl,AllPub
629,60,RL,70,11606,Pave,NA,IR1,HLS,AllPub
630,80,RL,82,9020,Pave,NA,Reg,Lvl,AllPub
631,70,RM,50,9000,Pave,Grvl,Reg,Lvl,AllPub
632,120,RL,34,4590,Pave,NA,Reg,Lvl,AllPub
633,20,RL,85,11900,Pave,NA,Reg,Lvl,AllPub
634,20,RL,80,9250,Pave,NA,Reg,Lvl,AllPub
635,90,RL,64,6979,Pave,NA,Reg,Lvl,AllPub
636,190,RH,60,10896,Pave,Pave,Reg,Bnk,AllPub
637,30,RM,51,6120,Pave,NA,Reg,Lvl,AllPub
638,190,RM,50,6000,Pave,NA,Reg,Lvl,AllPub
639,30,RL,67,8777,Pave,NA,Reg,Lvl,AllPub
640,120,RL,53,3982,Pave,NA,Reg,Lvl,AllPub
641,120,RL,62,12677,Pave,NA,IR1,Lvl,AllPub
642,60,FV,NA,7050,Pave,NA,Reg,Lvl,AllPub
643,80,RL,75,13860,Pave,NA,Reg,Lvl,AllPub
644,60,RL,80,10793,Pave,NA,Reg,Lvl,AllPub
645,20,FV,85,9187,Pave,NA,Reg,Lvl,AllPub
646,20,RL,NA,10530,Pave,NA,IR1,Lvl,AllPub
647,20,RL,60,7200,Pave,NA,Reg,Lvl,AllPub
648,20,RL,85,10452,Pave,NA,IR1,Lvl,AllPub
649,60,RL,70,7700,Pave,NA,Reg,Lvl,AllPub
650,180,RM,21,1936,Pave,NA,Reg,Lvl,AllPub
651,60,FV,65,8125,Pave,NA,Reg,Lvl,AllPub
652,70,RL,60,9084,Pave,NA,Reg,Lvl,AllPub
653,60,RL,70,8750,Pave,NA,Reg,Lvl,AllPub
654,50,RM,60,10320,Pave,Grvl,Reg,Lvl,AllPub
655,20,RL,91,10437,Pave,NA,IR1,Lvl,AllPub
656,160,RM,21,1680,Pave,NA,Reg,Lvl,AllPub
657,20,RL,72,10007,Pave,NA,IR1,Lvl,AllPub
658,70,RL,60,7200,Pave,NA,Reg,HLS,AllPub
659,50,RL,78,17503,Pave,NA,Reg,Lvl,AllPub
660,20,RL,75,9937,Pave,NA,Reg,Lvl,AllPub
661,60,RL,NA,12384,Pave,NA,Reg,Lvl,AllPub
662,60,RL,52,46589,Pave,NA,IR2,Lvl,AllPub
663,20,RL,120,13560,Pave,NA,Reg,Lvl,AllPub
664,85,RL,90,10012,Pave,NA,Reg,Lvl,AllPub
665,20,RL,49,20896,Pave,NA,IR2,Lvl,AllPub
666,60,RL,106,11194,Pave,NA,IR1,Lvl,AllPub
667,60,RL,NA,18450,Pave,NA,IR1,Lvl,AllPub
668,20,RL,65,8125,Pave,NA,Reg,Lvl,AllPub
669,20,RL,NA,14175,Pave,NA,Reg,Bnk,AllPub
670,30,RL,80,11600,Pave,NA,Reg,Lvl,AllPub
671,60,RL,64,8633,Pave,NA,Reg,Lvl,AllPub
672,70,RH,54,6629,Pave,NA,Reg,Lvl,AllPub
673,20,RL,NA,11250,Pave,NA,IR1,Lvl,AllPub
674,20,RL,110,14442,Pave,NA,Reg,Lvl,AllPub
675,20,RL,80,9200,Pave,NA,Reg,Lvl,AllPub
676,160,RL,24,2289,Pave,NA,Reg,Lvl,AllPub
677,70,RM,60,9600,Pave,Grvl,Reg,Lvl,AllPub
678,30,RL,52,9022,Pave,NA,Reg,Lvl,AllPub
679,20,RL,80,11844,Pave,NA,IR1,Lvl,AllPub
680,20,RL,NA,9945,Pave,NA,IR1,Lvl,AllPub
681,120,RL,50,8012,Pave,NA,Reg,Lvl,AllPub
682,50,RH,55,4500,Pave,Pave,IR2,Bnk,AllPub
683,120,RL,NA,2887,Pave,NA,Reg,HLS,AllPub
684,20,RL,90,11248,Pave,NA,IR1,Lvl,AllPub
685,60,RL,58,16770,Pave,NA,IR2,Lvl,AllPub
686,160,RL,NA,5062,Pave,NA,IR1,Lvl,AllPub
687,60,FV,84,10207,Pave,NA,Reg,Lvl,AllPub
688,160,FV,NA,5105,Pave,NA,IR2,Lvl,AllPub
689,20,RL,60,8089,Pave,NA,Reg,HLS,AllPub
690,120,RL,61,7577,Pave,NA,IR1,Lvl,AllPub
691,120,RM,NA,4426,Pave,NA,Reg,Lvl,AllPub
692,60,RL,104,21535,Pave,NA,IR1,Lvl,AllPub
693,60,RL,42,26178,Pave,NA,IR1,Lvl,AllPub
694,30,RL,60,5400,Pave,NA,Reg,Lvl,AllPub
695,50,RM,51,6120,Pave,NA,Reg,Lvl,AllPub
696,20,RL,54,13811,Pave,NA,IR1,Lvl,AllPub
697,30,RM,50,6000,Pave,NA,Reg,Lvl,AllPub
698,20,RL,57,6420,Pave,NA,IR1,Lvl,AllPub
699,20,RL,65,8450,Pave,NA,Reg,Lvl,AllPub
700,120,FV,59,4282,Pave,Pave,IR2,Lvl,AllPub
701,20,RL,85,14331,Pave,NA,Reg,Lvl,AllPub
702,20,RL,80,9600,Pave,NA,Reg,Lvl,AllPub
703,60,RL,82,12438,Pave,NA,IR1,Lvl,AllPub
704,190,RM,76,7630,Pave,NA,Reg,Lvl,AllPub
705,20,RL,70,8400,Pave,NA,Reg,Lvl,AllPub
706,190,RM,70,5600,Pave,NA,Reg,Lvl,AllPub
707,20,RL,NA,115149,Pave,NA,IR2,Low,AllPub
708,120,RL,48,6240,Pave,NA,Reg,Lvl,AllPub
709,60,RL,65,9018,Pave,NA,IR1,Lvl,AllPub
710,20,RL,NA,7162,Pave,NA,IR1,Lvl,AllPub
711,30,RL,56,4130,Pave,NA,IR1,Lvl,AllPub
712,50,C (all),66,8712,Pave,Pave,Reg,HLS,AllPub
713,120,RL,40,4671,Pave,NA,IR1,HLS,AllPub
714,190,RL,60,9873,Pave,NA,Reg,Lvl,AllPub
715,60,RL,NA,13517,Pave,NA,IR1,Lvl,AllPub
716,20,RL,78,10140,Pave,NA,Reg,Lvl,AllPub
717,70,RM,60,10800,Pave,Grvl,Reg,Bnk,AllPub
718,20,RL,80,10000,Pave,NA,Reg,Lvl,AllPub
719,60,RL,96,10542,Pave,NA,Reg,Lvl,AllPub
720,20,RL,69,9920,Pave,NA,IR1,Lvl,AllPub
721,120,RL,NA,6563,Pave,NA,IR1,Low,AllPub
722,120,RM,NA,4426,Pave,NA,Reg,Lvl,AllPub
723,20,RL,70,8120,Pave,NA,Reg,Lvl,AllPub
724,50,RL,60,8172,Pave,NA,Reg,Lvl,AllPub
725,20,RL,86,13286,Pave,NA,IR1,Lvl,AllPub
726,20,RL,60,6960,Pave,NA,Reg,Lvl,AllPub
727,20,RL,NA,21695,Pave,NA,IR1,Lvl,AllPub
728,20,RL,64,7314,Pave,NA,Reg,Lvl,AllPub
729,90,RL,85,11475,Pave,NA,Reg,Lvl,AllPub
730,30,RM,52,6240,Pave,Grvl,Reg,Lvl,AllPub
731,120,RL,39,5389,Pave,NA,IR1,Lvl,AllPub
732,80,RL,73,9590,Pave,NA,IR1,Lvl,AllPub
733,60,RL,75,11404,Pave,NA,IR1,Lvl,AllPub
734,20,RL,80,10000,Pave,NA,Reg,Lvl,AllPub
735,20,RL,NA,8978,Pave,NA,IR1,Lvl,AllPub
736,75,RM,60,10800,Pave,NA,Reg,Lvl,AllPub
737,90,RL,60,8544,Pave,NA,Reg,Lvl,AllPub
738,60,RL,72,10463,Pave,NA,IR1,HLS,AllPub
739,90,RL,60,10800,Pave,NA,Reg,Lvl,AllPub
740,60,RL,65,9313,Pave,NA,IR1,Lvl,AllPub
741,70,RM,60,9600,Pave,Grvl,Reg,Lvl,AllPub
742,20,RL,65,6768,Pave,NA,IR1,Lvl,AllPub
743,20,RL,65,8450,Pave,NA,Reg,Lvl,AllPub
744,80,RL,70,12886,Pave,NA,IR1,Lvl,AllPub
745,120,RL,41,5395,Pave,NA,IR1,HLS,AllPub
746,60,RL,NA,8963,Pave,NA,IR1,Lvl,AllPub
747,60,RL,NA,8795,Pave,NA,IR1,Lvl,AllPub
748,70,RM,65,11700,Pave,Pave,IR1,Lvl,AllPub
749,20,RL,59,10593,Pave,NA,IR1,Lvl,AllPub
750,50,RL,50,8405,Pave,NA,Reg,Lvl,AllPub
751,50,RM,55,8800,Pave,Grvl,Reg,Lvl,AllPub
752,60,RL,NA,7750,Pave,NA,Reg,Lvl,AllPub
753,20,RL,79,9236,Pave,NA,IR1,Lvl,AllPub
754,60,RL,80,10240,Pave,NA,Reg,Lvl,AllPub
755,20,RL,61,7930,Pave,NA,Reg,Lvl,AllPub
756,160,FV,34,3230,Pave,Pave,Reg,Lvl,AllPub
757,60,RL,68,10769,Pave,NA,IR1,Lvl,AllPub
758,60,RL,NA,11616,Pave,NA,IR1,Lvl,AllPub
759,160,FV,24,2280,Pave,Pave,Reg,Lvl,AllPub
760,60,RL,65,12257,Pave,NA,IR1,Lvl,AllPub
761,20,RL,70,9100,Pave,NA,Reg,Lvl,AllPub
762,30,RM,60,6911,Pave,NA,Reg,Lvl,AllPub
763,60,FV,72,8640,Pave,NA,Reg,Lvl,AllPub
764,60,RL,82,9430,Pave,NA,Reg,Lvl,AllPub
765,120,RL,30,9549,Pave,NA,IR1,Lvl,AllPub
766,20,RL,75,14587,Pave,NA,IR1,Lvl,AllPub
767,60,RL,80,10421,Pave,NA,Reg,Lvl,AllPub
768,50,RL,75,12508,Pave,NA,IR1,Lvl,AllPub
769,20,RL,70,9100,Pave,NA,Reg,Lvl,AllPub
770,60,RL,47,53504,Pave,NA,IR2,HLS,AllPub
771,85,RL,NA,7252,Pave,NA,IR1,Lvl,AllPub
772,20,RL,67,8877,Pave,NA,Reg,Lvl,AllPub
773,80,RL,94,7819,Pave,NA,Reg,Lvl,AllPub
774,20,RL,70,10150,Pave,NA,Reg,Lvl,AllPub
775,20,RL,110,14226,Pave,NA,Reg,Lvl,AllPub
776,120,RM,32,4500,Pave,NA,Reg,Lvl,AllPub
777,20,RL,86,11210,Pave,NA,IR1,Lvl,AllPub
778,20,RL,100,13350,Pave,NA,IR1,Lvl,AllPub
779,90,RH,60,8400,Pave,NA,Reg,Lvl,AllPub
780,90,RL,78,10530,Pave,NA,Reg,Lvl,AllPub
781,20,RL,63,7875,Pave,NA,Reg,Lvl,AllPub
782,60,RL,65,7153,Pave,NA,Reg,Lvl,AllPub
783,20,RL,67,16285,Pave,NA,IR2,Lvl,AllPub
784,85,RL,NA,9101,Pave,NA,IR1,Lvl,AllPub
785,75,RM,35,6300,Pave,Grvl,Reg,Lvl,AllPub
786,20,RL,NA,9790,Pave,NA,Reg,Lvl,AllPub
787,50,RM,60,10800,Pave,NA,Reg,Lvl,AllPub
788,60,RL,76,10142,Pave,NA,IR1,Lvl,AllPub
789,20,RM,50,6000,Pave,NA,Reg,Lvl,AllPub
790,60,RL,NA,12205,Pave,NA,IR1,Low,AllPub
791,120,RL,43,3182,Pave,NA,Reg,Lvl,AllPub
792,80,RL,NA,11333,Pave,NA,IR1,Lvl,AllPub
793,60,RL,92,9920,Pave,NA,IR1,Lvl,AllPub
794,20,RL,76,9158,Pave,NA,Reg,Lvl,AllPub
795,60,RL,NA,10832,Pave,NA,IR1,Lvl,AllPub
796,60,RL,70,8400,Pave,NA,Reg,Lvl,AllPub
797,20,RL,71,8197,Pave,NA,Reg,Lvl,AllPub
798,20,RL,57,7677,Pave,NA,Reg,Lvl,AllPub
799,60,RL,104,13518,Pave,NA,Reg,Lvl,AllPub
800,50,RL,60,7200,Pave,NA,Reg,Lvl,AllPub
801,60,RL,79,12798,Pave,NA,IR1,HLS,AllPub
802,30,RM,40,4800,Pave,NA,Reg,Lvl,AllPub
803,60,RL,63,8199,Pave,NA,Reg,Lvl,AllPub
804,60,RL,107,13891,Pave,NA,Reg,Lvl,AllPub
805,20,RL,75,9000,Pave,NA,Reg,Lvl,AllPub
806,20,RL,91,12274,Pave,NA,IR1,Lvl,AllPub
807,80,RL,75,9750,Pave,NA,Reg,Lvl,AllPub
808,70,RL,144,21384,Pave,NA,Reg,Lvl,AllPub
809,80,RL,85,13400,Pave,NA,Reg,Lvl,AllPub
810,75,RM,90,8100,Pave,NA,Reg,Lvl,AllPub
811,20,RL,78,10140,Pave,NA,Reg,Lvl,AllPub
812,120,RM,NA,4438,Pave,NA,Reg,Lvl,AllPub
813,20,C (all),66,8712,Grvl,NA,Reg,Bnk,AllPub
814,20,RL,75,9750,Pave,NA,Reg,Lvl,AllPub
815,50,RL,45,8248,Pave,Grvl,Reg,Lvl,AllPub
816,20,RL,48,12137,Pave,NA,IR2,Lvl,AllPub
817,20,RL,NA,11425,Pave,NA,IR1,Lvl,AllPub
818,20,RL,NA,13265,Pave,NA,IR1,Lvl,AllPub
819,80,RL,80,8816,Pave,NA,Reg,Lvl,AllPub
820,120,RL,44,6371,Pave,NA,IR1,Lvl,AllPub
821,60,RL,72,7226,Pave,NA,IR1,Lvl,AllPub
822,20,RM,60,6000,Pave,Pave,Reg,Bnk,AllPub
823,60,RL,NA,12394,Pave,NA,IR1,Lvl,AllPub
824,50,RL,60,9900,Pave,NA,Reg,Lvl,AllPub
825,20,FV,81,11216,Pave,NA,Reg,Lvl,AllPub
826,20,RL,114,14803,Pave,NA,Reg,Lvl,AllPub
827,45,RM,50,6130,Pave,NA,Reg,Lvl,AllPub
828,20,RL,65,8529,Pave,NA,IR1,Lvl,AllPub
829,60,RL,NA,28698,Pave,NA,IR2,Low,AllPub
830,160,FV,24,2544,Pave,Pave,Reg,Lvl,AllPub
831,20,RL,80,11900,Pave,NA,IR1,Lvl,AllPub
832,160,FV,30,3180,Pave,Pave,Reg,Lvl,AllPub
833,60,RL,44,9548,Pave,NA,IR1,Lvl,AllPub
834,20,RL,100,10004,Pave,NA,Reg,Lvl,AllPub
835,20,RL,75,7875,Pave,NA,Reg,Lvl,AllPub
836,20,RL,60,9600,Pave,NA,Reg,Lvl,AllPub
837,30,RM,90,8100,Pave,Pave,Reg,Lvl,AllPub
838,160,RM,21,1680,Pave,NA,Reg,Lvl,AllPub
839,20,RL,75,9525,Pave,NA,Reg,Lvl,AllPub
840,50,RL,70,11767,Pave,NA,Reg,Lvl,AllPub
841,70,RH,NA,12155,Pave,NA,IR1,Lvl,AllPub
842,70,RM,60,10440,Pave,Grvl,Reg,Lvl,AllPub
843,80,RL,82,9020,Pave,NA,Reg,Lvl,AllPub
844,90,RL,80,8000,Pave,NA,Reg,Lvl,AllPub
845,50,RM,100,12665,Pave,Grvl,IR1,Lvl,AllPub
846,85,RL,NA,16647,Pave,NA,IR1,Lvl,AllPub
847,60,RL,75,9317,Pave,NA,Reg,Lvl,AllPub
848,20,RL,36,15523,Pave,NA,IR1,Lvl,AllPub
849,50,RL,75,45600,Pave,NA,IR2,Bnk,AllPub
850,80,RL,80,9600,Pave,NA,Reg,Lvl,AllPub
851,120,RM,36,4435,Pave,NA,Reg,Lvl,AllPub
852,120,RL,NA,3196,Pave,NA,Reg,Lvl,AllPub
853,75,RL,53,7128,Pave,NA,Reg,Lvl,AllPub
854,80,RL,NA,12095,Pave,NA,IR1,Lvl,AllPub
855,20,RL,102,17920,Pave,NA,Reg,Lvl,AllPub
856,20,RL,NA,6897,Pave,NA,IR1,Lvl,AllPub
857,80,RL,NA,10970,Pave,NA,IR1,Low,AllPub
858,60,RL,65,8125,Pave,NA,Reg,Lvl,AllPub
859,20,RL,80,10400,Pave,NA,Reg,Lvl,AllPub
860,60,RL,NA,11029,Pave,NA,IR1,Lvl,AllPub
861,50,RL,55,7642,Pave,NA,Reg,Lvl,AllPub
862,190,RL,75,11625,Pave,NA,Reg,Lvl,AllPub
863,20,RL,81,9672,Pave,NA,Reg,Lvl,AllPub
864,20,RL,70,7931,Pave,NA,Reg,Lvl,AllPub
865,20,FV,72,8640,Pave,NA,Reg,Lvl,AllPub
866,20,RL,NA,8750,Pave,NA,IR1,Lvl,AllPub
867,20,RL,67,10656,Pave,NA,IR1,HLS,AllPub
868,20,RL,85,6970,Pave,NA,Reg,Lvl,AllPub
869,60,RL,NA,14762,Pave,NA,IR2,Lvl,AllPub
870,60,RL,80,9938,Pave,NA,Reg,Lvl,AllPub
871,20,RL,60,6600,Pave,NA,Reg,Lvl,AllPub
872,60,RL,70,8750,Pave,NA,Reg,Lvl,AllPub
873,20,RL,74,8892,Pave,NA,Reg,Lvl,AllPub
874,40,RL,60,12144,Pave,NA,Reg,Lvl,AllPub
875,50,RM,52,5720,Pave,NA,Reg,Lvl,AllPub
876,60,FV,75,9000,Pave,NA,Reg,Lvl,AllPub
877,20,RL,94,25286,Pave,NA,Reg,HLS,AllPub
878,60,RL,74,8834,Pave,NA,Reg,Lvl,AllPub
879,85,RL,88,11782,Pave,NA,IR1,Lvl,AllPub
880,20,RL,NA,7000,Pave,NA,IR1,Lvl,AllPub
881,20,RL,60,7024,Pave,NA,Reg,Lvl,AllPub
882,50,RL,44,13758,Pave,NA,IR1,Lvl,AllPub
883,60,RL,NA,9636,Pave,NA,IR1,Lvl,AllPub
884,75,RL,60,6204,Pave,NA,Reg,Bnk,AllPub
885,20,RL,65,7150,Pave,NA,Reg,Lvl,AllPub
886,120,FV,50,5119,Pave,NA,IR1,Lvl,AllPub
887,90,RL,70,8393,Pave,NA,Reg,Lvl,AllPub
888,50,RL,59,16466,Pave,NA,IR1,Lvl,AllPub
889,20,RL,95,15865,Pave,NA,IR1,Lvl,AllPub
890,20,RL,128,12160,Pave,NA,Reg,Lvl,AllPub
891,50,RL,60,8064,Pave,NA,Reg,Lvl,AllPub
892,60,RL,70,11184,Pave,NA,Reg,Lvl,AllPub
893,20,RL,70,8414,Pave,NA,Reg,Lvl,AllPub
894,20,RL,NA,13284,Pave,NA,Reg,Lvl,AllPub
895,90,RL,64,7018,Pave,NA,Reg,Bnk,AllPub
896,60,RL,71,7056,Pave,NA,Reg,Lvl,AllPub
897,30,RM,50,8765,Pave,Grvl,Reg,Lvl,AllPub
898,90,RL,64,7018,Pave,NA,Reg,Lvl,AllPub
899,20,RL,100,12919,Pave,NA,IR1,Lvl,AllPub
900,20,RL,65,6993,Pave,NA,Reg,Lvl,AllPub
901,20,RL,NA,7340,Pave,NA,IR1,Lvl,AllPub
902,20,RL,64,8712,Pave,NA,IR1,Lvl,AllPub
903,60,RL,63,7875,Pave,NA,Reg,Lvl,AllPub
904,20,RL,50,14859,Pave,NA,IR1,HLS,AllPub
905,20,RL,NA,6173,Pave,NA,IR1,Lvl,AllPub
906,20,RL,80,9920,Pave,NA,Reg,Lvl,AllPub
907,20,RL,116,13501,Pave,NA,IR1,Lvl,AllPub
908,50,RL,86,11500,Pave,NA,IR1,Lvl,AllPub
909,20,RL,NA,8885,Pave,NA,IR1,Low,AllPub
910,60,RL,149,12589,Pave,NA,IR2,Lvl,AllPub
911,90,RL,80,11600,Pave,NA,Reg,Lvl,AllPub
912,20,RL,NA,9286,Pave,NA,IR1,Lvl,AllPub
913,30,RM,51,6120,Pave,NA,Reg,Lvl,AllPub
914,90,RH,82,6270,Pave,NA,Reg,HLS,AllPub
915,160,FV,30,3000,Pave,Pave,Reg,Lvl,AllPub
916,160,RM,21,2001,Pave,NA,Reg,Lvl,AllPub
917,20,C (all),50,9000,Pave,NA,Reg,Lvl,AllPub
918,20,RL,NA,17140,Pave,NA,Reg,Lvl,AllPub
919,60,RL,103,13125,Pave,NA,IR1,Lvl,AllPub
920,20,RL,87,11029,Pave,NA,IR1,Lvl,AllPub
921,60,RL,70,8462,Pave,NA,IR1,Lvl,AllPub
922,90,RL,67,8777,Pave,NA,Reg,Lvl,AllPub
923,20,RL,65,10237,Pave,NA,Reg,Lvl,AllPub
924,120,RL,50,8012,Pave,NA,Reg,Lvl,AllPub
925,20,RL,79,10240,Pave,NA,Reg,Lvl,AllPub
926,20,RL,NA,15611,Pave,NA,IR1,Lvl,AllPub
927,60,RL,93,11999,Pave,NA,Reg,Lvl,AllPub
928,60,RL,NA,9900,Pave,NA,Reg,Lvl,AllPub
929,20,RL,NA,11838,Pave,NA,Reg,Lvl,AllPub
930,60,RL,NA,13006,Pave,NA,IR1,Lvl,AllPub
931,20,RL,73,8925,Pave,NA,IR1,HLS,AllPub
932,20,RL,70,9100,Pave,NA,Reg,Lvl,AllPub
933,20,RL,84,11670,Pave,NA,IR1,Lvl,AllPub
934,20,RL,63,8487,Pave,NA,Reg,Lvl,AllPub
935,20,RL,313,27650,Pave,NA,IR2,HLS,AllPub
936,30,RL,52,5825,Pave,NA,IR1,Lvl,AllPub
937,20,RL,67,10083,Pave,NA,Reg,Lvl,AllPub
938,60,RL,75,9675,Pave,NA,Reg,Lvl,AllPub
939,60,RL,73,8760,Pave,NA,Reg,Lvl,AllPub
940,70,RL,NA,24090,Pave,NA,Reg,Lvl,AllPub
941,90,RL,55,12640,Pave,NA,IR1,Lvl,AllPub
942,60,RL,NA,8755,Pave,NA,IR1,Lvl,AllPub
943,90,RL,42,7711,Pave,NA,IR1,Lvl,AllPub
944,90,RL,100,25000,Pave,NA,Reg,Low,AllPub
945,20,RL,NA,14375,Pave,NA,IR1,Lvl,NoSeWa
946,50,RM,98,8820,Pave,NA,Reg,Lvl,AllPub
947,80,RL,70,8163,Pave,NA,Reg,Lvl,AllPub
948,20,RL,85,14536,Pave,NA,Reg,Lvl,AllPub
949,60,RL,65,14006,Pave,NA,IR1,Lvl,AllPub
950,20,RL,78,9360,Pave,NA,Reg,Lvl,AllPub
951,20,RL,60,7200,Pave,NA,Reg,Lvl,AllPub
952,20,RH,60,7800,Pave,NA,Reg,Lvl,AllPub
953,85,RL,60,7200,Pave,NA,Reg,Lvl,AllPub
954,60,RL,NA,11075,Pave,NA,IR1,Lvl,AllPub
955,90,RL,35,9400,Pave,NA,IR1,Lvl,AllPub
956,90,RH,82,7136,Pave,NA,IR1,HLS,AllPub
957,160,RM,24,1300,Pave,NA,Reg,Lvl,AllPub
958,20,RL,70,7420,Pave,NA,Reg,Lvl,AllPub
959,20,RL,65,8450,Pave,NA,Reg,Lvl,AllPub
960,160,FV,24,2572,Pave,NA,Reg,Lvl,AllPub
961,20,RL,50,7207,Pave,NA,IR1,Lvl,AllPub
962,60,RL,NA,12227,Pave,NA,IR1,Lvl,AllPub
963,160,RL,24,2308,Pave,NA,Reg,Lvl,AllPub
964,20,RL,122,11923,Pave,NA,IR1,Lvl,AllPub
965,60,RL,80,11316,Pave,NA,Reg,Lvl,AllPub
966,60,RL,65,10237,Pave,NA,Reg,Lvl,AllPub
967,50,RL,130,9600,Pave,NA,IR1,HLS,AllPub
968,20,RL,NA,7390,Pave,NA,IR1,Lvl,AllPub
969,50,RM,50,5925,Pave,NA,Reg,Lvl,AllPub
970,190,RL,75,10382,Pave,NA,Reg,Lvl,AllPub
971,50,RL,60,10800,Pave,NA,Reg,Lvl,AllPub
972,160,RL,36,2268,Pave,NA,Reg,Lvl,AllPub
973,120,RL,55,7892,Pave,NA,Reg,Lvl,AllPub
974,20,FV,95,11639,Pave,NA,Reg,Lvl,AllPub
975,70,RL,60,11414,Pave,NA,IR1,Lvl,AllPub
976,160,FV,NA,2651,Pave,NA,Reg,Lvl,AllPub
977,30,RL,51,5900,Pave,NA,IR1,Bnk,AllPub
978,120,FV,35,4274,Pave,Pave,IR1,Lvl,AllPub
979,20,RL,68,9450,Pave,NA,Reg,Bnk,AllPub
980,20,RL,80,8816,Pave,NA,Reg,Lvl,AllPub
981,85,RL,NA,12122,Pave,NA,IR1,Lvl,AllPub
982,60,RL,98,12203,Pave,NA,IR1,Lvl,AllPub
983,20,RL,43,3182,Pave,NA,Reg,Lvl,AllPub
984,60,RL,NA,11250,Pave,NA,Reg,Lvl,AllPub
985,90,RL,75,10125,Pave,NA,Reg,Lvl,AllPub
986,190,RL,68,10880,Pave,NA,Reg,Lvl,AllPub
987,50,RM,59,5310,Pave,NA,Reg,Lvl,AllPub
988,20,RL,83,10159,Pave,NA,IR1,Lvl,AllPub
989,60,RL,NA,12046,Pave,NA,IR1,Lvl,AllPub
990,60,FV,65,8125,Pave,NA,Reg,Lvl,AllPub
991,60,RL,82,9452,Pave,NA,Reg,Lvl,AllPub
992,70,RM,121,17671,Pave,Grvl,Reg,Lvl,AllPub
993,60,RL,80,9760,Pave,NA,Reg,Lvl,AllPub
994,60,RL,68,8846,Pave,NA,Reg,Lvl,AllPub
995,20,RL,96,12456,Pave,NA,Reg,Lvl,AllPub
996,50,RL,51,4712,Pave,NA,IR1,Lvl,AllPub
997,20,RL,NA,10659,Pave,NA,IR1,Lvl,AllPub
998,20,RL,NA,11717,Pave,NA,IR1,Lvl,AllPub
999,30,RM,60,9786,Pave,NA,Reg,Lvl,AllPub
1000,20,RL,64,6762,Pave,NA,Reg,Lvl,AllPub
1001,20,RL,74,10206,Pave,NA,Reg,Lvl,AllPub
1002,30,RL,60,5400,Pave,NA,Reg,Lvl,AllPub
1003,20,RL,75,11957,Pave,NA,IR1,Lvl,AllPub
1004,90,RL,NA,11500,Pave,NA,IR1,Lvl,AllPub
1005,120,RL,43,3182,Pave,NA,Reg,Lvl,AllPub
1006,80,RL,65,8385,Pave,NA,Reg,Lvl,AllPub
1007,20,RL,NA,12155,Pave,NA,IR3,Lvl,AllPub
1008,160,RM,21,2217,Pave,NA,Reg,Lvl,AllPub
1009,20,RL,43,12118,Pave,NA,IR1,Lvl,AllPub
1010,50,RL,60,6000,Pave,NA,Reg,Lvl,AllPub
1011,50,RL,115,21286,Pave,NA,Reg,Lvl,AllPub
1012,90,RL,75,9825,Pave,NA,Reg,Lvl,AllPub
1013,70,RL,55,10592,Pave,NA,Reg,Lvl,AllPub
1014,30,RM,60,7200,Pave,NA,Reg,Lvl,AllPub
1015,20,RL,60,11664,Pave,NA,Reg,Lvl,AllPub
1016,60,RL,70,8400,Pave,NA,Reg,Lvl,AllPub
1017,20,RL,73,11883,Pave,NA,Reg,Lvl,AllPub
1018,120,RL,NA,5814,Pave,NA,IR1,Lvl,AllPub
1019,80,RL,NA,10784,Pave,NA,IR1,Lvl,AllPub
1020,120,RL,43,3013,Pave,NA,Reg,Lvl,AllPub
1021,20,RL,60,7024,Pave,NA,Reg,Lvl,AllPub
1022,20,RL,64,7406,Pave,NA,Reg,Lvl,AllPub
1023,50,RM,52,9439,Pave,NA,Reg,Lvl,AllPub
1024,120,RL,43,3182,Pave,NA,Reg,Lvl,AllPub
1025,20,RL,NA,15498,Pave,NA,IR1,Lvl,AllPub
1026,20,RL,70,7700,Pave,NA,Reg,Lvl,AllPub
1027,20,RL,73,9300,Pave,NA,Reg,Lvl,AllPub
1028,20,RL,71,9520,Pave,NA,IR1,HLS,AllPub
1029,50,RL,79,9492,Pave,NA,Reg,Lvl,AllPub
1030,160,RM,21,1680,Pave,NA,Reg,Lvl,AllPub
1031,190,RH,NA,7082,Pave,NA,Reg,Lvl,AllPub
1032,75,RL,102,15863,Pave,NA,Reg,Lvl,AllPub
1033,60,RL,NA,14541,Pave,NA,IR1,Lvl,AllPub
1034,20,RL,NA,8125,Pave,NA,Reg,Lvl,AllPub
1035,30,RL,50,6305,Pave,NA,Reg,Bnk,AllPub
1036,20,RL,NA,11500,Pave,NA,IR1,Lvl,AllPub
1037,20,RL,89,12898,Pave,NA,IR1,HLS,AllPub
1038,60,RL,NA,9240,Pave,NA,Reg,Lvl,AllPub
1039,160,RM,21,1533,Pave,NA,Reg,Lvl,AllPub
1040,180,RM,21,1477,Pave,NA,Reg,Lvl,AllPub
1041,20,RL,88,13125,Pave,NA,Reg,Lvl,AllPub
1042,60,RL,NA,9130,Pave,NA,Reg,Lvl,AllPub
1043,120,RL,34,5381,Pave,NA,IR1,Lvl,AllPub
1044,60,RL,86,11839,Pave,NA,Reg,Lvl,AllPub
1045,20,RL,80,9600,Pave,NA,Reg,Lvl,AllPub
1046,20,RL,NA,13680,Pave,NA,IR1,Lvl,AllPub
1047,60,RL,85,16056,Pave,NA,IR1,Lvl,AllPub
1048,20,RL,57,9245,Pave,NA,IR2,Lvl,AllPub
1049,20,RL,100,21750,Pave,NA,Reg,Lvl,AllPub
1050,20,RL,60,11100,Pave,NA,Reg,Low,AllPub
1051,20,RL,73,8993,Pave,NA,IR1,Lvl,AllPub
1052,20,RL,103,11175,Pave,NA,IR1,Lvl,AllPub
1053,60,RL,100,9500,Pave,NA,Reg,Lvl,AllPub
1054,20,RL,68,8562,Pave,NA,Reg,Lvl,AllPub
1055,60,RL,90,11367,Pave,NA,Reg,Lvl,AllPub
1056,20,RL,104,11361,Pave,NA,Reg,Lvl,AllPub
1057,120,RL,43,7052,Pave,NA,IR1,Lvl,AllPub
1058,60,RL,NA,29959,Pave,NA,IR2,Lvl,AllPub
1059,60,RL,96,11308,Pave,NA,IR1,Lvl,AllPub
1060,50,RL,NA,11275,Pave,NA,IR1,HLS,AllPub
1061,120,RL,41,4920,Pave,NA,Reg,Lvl,AllPub
1062,30,C (all),120,18000,Grvl,NA,Reg,Low,AllPub
1063,190,RM,85,13600,Pave,Grvl,Reg,Lvl,AllPub
1064,30,RM,50,6000,Pave,NA,Reg,Lvl,AllPub
1065,20,RL,NA,11000,Pave,NA,IR1,Lvl,AllPub
1066,60,RL,80,14000,Pave,NA,Reg,Lvl,AllPub
1067,60,RL,59,7837,Pave,NA,IR1,Lvl,AllPub
1068,60,RL,80,9760,Pave,NA,Reg,Lvl,AllPub
1069,160,RM,42,3964,Pave,NA,Reg,Lvl,AllPub
1070,45,RL,60,9600,Pave,NA,Reg,Lvl,AllPub
1071,20,RL,72,10152,Pave,NA,Reg,Lvl,AllPub
1072,60,RL,78,11700,Pave,NA,Reg,Lvl,AllPub
1073,50,RL,50,7585,Pave,NA,Reg,Lvl,AllPub
1074,60,RL,75,7950,Pave,NA,IR1,Bnk,AllPub
1075,20,RL,74,8556,Pave,NA,Reg,Lvl,AllPub
1076,70,RL,75,13125,Pave,NA,Reg,Lvl,AllPub
1077,50,RL,60,10800,Pave,Grvl,Reg,Lvl,AllPub
1078,20,RL,NA,15870,Pave,NA,IR1,Lvl,AllPub
1079,120,RM,37,4435,Pave,NA,Reg,Lvl,AllPub
1080,20,RL,65,8775,Pave,NA,Reg,Lvl,AllPub
1081,20,RL,80,11040,Pave,NA,Reg,Lvl,AllPub
1082,20,RL,75,7500,Pave,NA,Reg,Lvl,AllPub
1083,20,RL,70,8749,Pave,NA,Reg,Lvl,AllPub
1084,20,RL,80,8800,Pave,NA,Reg,Lvl,AllPub
1085,60,RL,NA,13031,Pave,NA,IR2,Lvl,AllPub
1086,85,RL,73,9069,Pave,NA,Reg,Lvl,AllPub
1087,160,RM,NA,1974,Pave,NA,Reg,Lvl,AllPub
1088,60,FV,85,10574,Pave,NA,Reg,Lvl,AllPub
1089,160,RM,24,2522,Pave,NA,Reg,Lvl,AllPub
1090,120,FV,37,3316,Pave,Pave,IR1,Lvl,AllPub
1091,90,RL,60,8544,Pave,NA,Reg,Lvl,AllPub
1092,160,FV,24,2160,Pave,Pave,Reg,Lvl,AllPub
1093,50,RL,60,8400,Pave,NA,Reg,Bnk,AllPub
1094,20,RL,71,9230,Pave,NA,Reg,Lvl,AllPub
1095,20,RL,74,5868,Pave,NA,Reg,Lvl,AllPub
1096,20,RL,78,9317,Pave,NA,IR1,Lvl,AllPub
1097,70,RM,60,6882,Pave,NA,Reg,Lvl,AllPub
1098,120,RL,NA,3696,Pave,NA,Reg,Lvl,AllPub
1099,50,RM,50,6000,Pave,NA,Reg,Lvl,AllPub
1100,20,RL,82,11880,Pave,NA,IR1,Lvl,AllPub
1101,30,RL,60,8400,Pave,NA,Reg,Bnk,AllPub
1102,20,RL,61,9758,Pave,NA,IR1,Lvl,AllPub
1103,20,RL,70,7000,Pave,NA,Reg,Lvl,AllPub
1104,20,RL,79,8910,Pave,NA,Reg,Lvl,AllPub
1105,160,RM,24,2016,Pave,NA,Reg,Lvl,AllPub
1106,60,RL,98,12256,Pave,NA,IR1,Lvl,AllPub
1107,20,RL,114,10357,Pave,NA,IR1,Lvl,AllPub
1108,60,RL,168,23257,Pave,NA,IR3,HLS,AllPub
1109,60,RL,NA,8063,Pave,NA,Reg,Lvl,AllPub
1110,20,RL,107,11362,Pave,NA,IR1,Lvl,AllPub
1111,60,RL,NA,8000,Pave,NA,Reg,Lvl,AllPub
1112,60,RL,80,10480,Pave,NA,Reg,Lvl,AllPub
1113,20,RL,73,7100,Pave,NA,IR1,Lvl,AllPub
1114,20,RL,66,8923,Pave,NA,Reg,Lvl,AllPub
1115,20,RL,90,5400,Pave,NA,Reg,Lvl,AllPub
1116,20,RL,93,12085,Pave,NA,Reg,Lvl,AllPub
1117,80,RL,NA,7750,Pave,NA,Reg,Lvl,AllPub
1118,20,RL,57,9764,Pave,NA,IR1,Lvl,AllPub
1119,80,RL,85,13825,Pave,NA,Reg,Lvl,AllPub
1120,20,RL,70,7560,Pave,NA,Reg,Lvl,AllPub
1121,30,RM,59,8263,Pave,NA,Reg,Bnk,AllPub
1122,20,RL,84,10084,Pave,NA,Reg,Lvl,AllPub
1123,20,RL,NA,8926,Pave,NA,IR1,Lvl,AllPub
1124,20,RL,50,9405,Pave,NA,Reg,Lvl,AllPub
1125,80,RL,NA,9125,Pave,NA,IR1,Lvl,AllPub
1126,20,RL,60,10434,Pave,NA,Reg,Lvl,AllPub
1127,120,RL,53,3684,Pave,NA,Reg,Lvl,AllPub
1128,20,RL,182,14572,Pave,NA,IR3,Lvl,AllPub
1129,60,RL,59,11796,Pave,NA,IR1,Lvl,AllPub
1130,90,RM,60,7200,Pave,Grvl,Reg,Lvl,AllPub
1131,50,RL,65,7804,Pave,NA,Reg,Lvl,AllPub
1132,20,RL,63,10712,Pave,NA,Reg,Lvl,AllPub
1133,70,RM,90,9900,Pave,NA,Reg,Lvl,AllPub
1134,60,RL,80,9828,Pave,NA,IR1,Lvl,AllPub
1135,60,RL,57,8773,Pave,NA,IR1,HLS,AllPub
1136,30,RM,60,6180,Pave,NA,Reg,Lvl,AllPub
1137,50,RL,80,9600,Pave,NA,Reg,Lvl,AllPub
1138,50,RL,54,6342,Pave,NA,Reg,Lvl,AllPub
1139,20,RL,NA,9819,Pave,NA,IR1,Lvl,AllPub
1140,30,RL,98,8731,Pave,NA,IR1,Lvl,AllPub
1141,20,RL,60,7350,Pave,NA,Reg,Lvl,AllPub
1142,60,RL,NA,10304,Pave,NA,IR1,Lvl,AllPub
1143,60,RL,77,9965,Pave,NA,Reg,Lvl,AllPub
1144,20,RL,NA,9000,Pave,NA,Reg,Lvl,AllPub
1145,190,RL,60,12180,Pave,NA,Reg,Lvl,AllPub
1146,50,RM,52,6240,Pave,NA,Reg,Lvl,AllPub
1147,20,RL,NA,11200,Pave,NA,Reg,Lvl,AllPub
1148,70,RL,75,12000,Pave,NA,Reg,Bnk,AllPub
1149,50,RM,NA,5700,Pave,NA,Reg,Lvl,AllPub
1150,70,RM,50,9000,Pave,NA,Reg,Lvl,AllPub
1151,20,RL,57,8280,Pave,NA,IR1,Lvl,AllPub
1152,20,RL,134,17755,Pave,NA,Reg,Lvl,AllPub
1153,20,RL,90,14115,Pave,NA,IR1,Lvl,AllPub
1154,30,RM,NA,5890,Pave,NA,Reg,Lvl,AllPub
1155,60,RL,NA,13700,Pave,NA,IR1,Lvl,AllPub
1156,20,RL,90,10768,Pave,NA,IR1,Lvl,AllPub
1157,80,RL,85,9350,Pave,NA,Reg,Lvl,AllPub
1158,120,RL,34,5001,Pave,NA,IR1,Lvl,AllPub
1159,20,RL,92,11932,Pave,NA,Reg,Lvl,AllPub
1160,60,RL,76,9120,Pave,NA,Reg,Lvl,AllPub
1161,160,RL,24,2280,Pave,NA,Reg,Lvl,AllPub
1162,20,RL,NA,14778,Pave,NA,IR1,Low,AllPub
1163,20,RL,109,8724,Pave,NA,Reg,Lvl,AllPub
1164,90,RL,60,12900,Pave,NA,Reg,Lvl,AllPub
1165,80,RL,NA,16157,Pave,NA,IR1,Lvl,AllPub
1166,20,RL,79,9541,Pave,NA,IR1,Lvl,AllPub
1167,20,RL,64,10475,Pave,NA,IR1,Lvl,AllPub
1168,60,RL,58,10852,Pave,NA,IR1,Lvl,AllPub
1169,70,RL,120,13728,Pave,NA,Reg,Lvl,AllPub
1170,60,RL,118,35760,Pave,NA,IR1,Lvl,AllPub
1171,80,RL,76,9880,Pave,NA,Reg,Lvl,AllPub
1172,20,RL,76,9120,Pave,NA,Reg,Lvl,AllPub
1173,160,FV,35,4017,Pave,Pave,IR1,Lvl,AllPub
1174,50,RL,138,18030,Pave,NA,IR1,Bnk,AllPub
1175,70,RL,80,16560,Pave,NA,IR1,Lvl,AllPub
1176,50,RL,85,10678,Pave,NA,Reg,Lvl,AllPub
1177,20,RL,37,6951,Pave,NA,IR1,Lvl,AllPub
1178,50,RM,NA,3950,Pave,Grvl,Reg,Bnk,AllPub
1179,50,RL,54,7681,Pave,NA,IR1,Lvl,AllPub
1180,20,RL,77,8335,Pave,NA,Reg,Lvl,AllPub
1181,60,RL,NA,11170,Pave,NA,IR2,Lvl,AllPub
1182,120,RM,64,5587,Pave,NA,IR1,HLS,AllPub
1183,60,RL,160,15623,Pave,NA,IR1,Lvl,AllPub
1184,30,RL,60,10800,Pave,Grvl,Reg,Lvl,AllPub
1185,20,RL,50,35133,Grvl,NA,Reg,Lvl,AllPub
1186,50,RL,60,9738,Pave,NA,Reg,Lvl,AllPub
1187,190,RL,107,10615,Pave,NA,IR1,Bnk,AllPub
1188,20,RL,89,12461,Pave,NA,Reg,Lvl,AllPub
1189,60,RL,68,8935,Pave,NA,IR1,Lvl,AllPub
1190,60,RL,60,7500,Pave,NA,Reg,Lvl,AllPub
1191,190,RL,NA,32463,Pave,NA,Reg,Low,AllPub
1192,160,FV,24,2645,Pave,Pave,Reg,Lvl,AllPub
1193,50,RM,60,9600,Pave,Grvl,Reg,Lvl,AllPub
1194,120,RM,NA,4500,Pave,NA,Reg,Lvl,AllPub
1195,60,RL,80,9364,Pave,NA,Reg,Lvl,AllPub
1196,60,RL,51,8029,Pave,NA,IR1,Lvl,AllPub
1197,60,RL,58,14054,Pave,NA,IR1,Lvl,AllPub
1198,75,RM,65,8850,Pave,NA,IR1,Bnk,AllPub
1199,20,RL,70,9100,Pave,NA,Reg,Lvl,AllPub
1200,20,RL,75,11235,Pave,NA,Reg,Lvl,AllPub
1201,20,RL,71,9353,Pave,NA,Reg,Lvl,AllPub
1202,60,RL,80,10400,Pave,NA,Reg,Lvl,AllPub
1203,50,RM,50,6000,Pave,NA,Reg,Lvl,AllPub
1204,20,RL,75,9750,Pave,NA,Reg,Lvl,AllPub
1205,20,RL,78,10140,Pave,NA,Reg,Lvl,AllPub
1206,20,RL,90,14684,Pave,NA,IR1,Lvl,AllPub
1207,20,RH,NA,8900,Pave,NA,Reg,Lvl,AllPub
1208,20,RL,70,9135,Pave,NA,Reg,Lvl,AllPub
1209,20,RL,70,7763,Pave,NA,Reg,Lvl,AllPub
1210,20,RL,85,10182,Pave,NA,IR1,Lvl,AllPub
1211,60,RL,70,11218,Pave,NA,Reg,Lvl,AllPub
1212,50,RL,152,12134,Pave,NA,IR1,Bnk,AllPub
1213,30,RL,50,9340,Pave,NA,Reg,Lvl,AllPub
1214,80,RL,NA,10246,Pave,NA,IR1,Lvl,AllPub
1215,85,RL,69,10205,Pave,NA,IR1,Lvl,AllPub
1216,20,RL,99,7094,Pave,NA,IR1,Lvl,AllPub
1217,90,RM,68,8930,Pave,NA,Reg,Lvl,AllPub
1218,20,FV,72,8640,Pave,NA,Reg,Lvl,AllPub
1219,50,RM,52,6240,Pave,NA,Reg,Lvl,AllPub
1220,160,RM,21,1680,Pave,NA,Reg,Lvl,AllPub
1221,20,RL,66,7800,Pave,NA,IR1,Lvl,AllPub
1222,20,RL,55,8250,Pave,NA,Reg,Lvl,AllPub
1223,50,RL,78,10496,Pave,NA,Reg,Lvl,AllPub
1224,20,RL,89,10680,Pave,NA,Reg,Lvl,AllPub
1225,60,RL,60,15384,Pave,NA,IR1,Lvl,AllPub
1226,80,RL,65,10482,Pave,NA,Reg,Lvl,AllPub
1227,60,RL,86,14598,Pave,NA,IR1,Lvl,AllPub
1228,20,RL,72,8872,Pave,NA,Reg,Lvl,AllPub
1229,120,RL,65,8769,Pave,NA,Reg,Lvl,AllPub
1230,80,RL,70,7910,Pave,NA,Reg,Lvl,AllPub
1231,90,RL,NA,18890,Pave,NA,IR1,Lvl,AllPub
1232,90,RL,70,7728,Pave,NA,Reg,Lvl,AllPub
1233,90,RL,70,9842,Pave,NA,Reg,Lvl,AllPub
1234,20,RL,NA,12160,Pave,NA,IR1,Lvl,AllPub
1235,70,RH,55,8525,Pave,NA,Reg,Bnk,AllPub
1236,70,RL,96,13132,Pave,NA,Reg,Lvl,AllPub
1237,160,RL,36,2628,Pave,NA,Reg,Lvl,AllPub
1238,60,RL,41,12393,Pave,NA,IR2,Lvl,AllPub
1239,20,RL,63,13072,Pave,NA,Reg,Lvl,AllPub
1240,20,RL,64,9037,Pave,NA,IR1,HLS,AllPub
1241,60,RL,65,8158,Pave,NA,Reg,Lvl,AllPub
1242,20,RL,83,9849,Pave,NA,Reg,Lvl,AllPub
1243,85,RL,85,10625,Pave,NA,Reg,Lvl,AllPub
1244,20,RL,107,13891,Pave,NA,Reg,Lvl,AllPub
1245,70,RL,NA,11435,Pave,NA,IR1,HLS,AllPub
1246,80,RL,78,12090,Pave,NA,Reg,Lvl,AllPub
1247,60,FV,65,8125,Pave,NA,Reg,Lvl,AllPub
1248,80,RL,NA,12328,Pave,NA,IR1,Lvl,AllPub
1249,75,RM,60,9600,Pave,Grvl,Reg,Lvl,AllPub
1250,20,RL,60,7200,Pave,NA,Reg,Lvl,AllPub
1251,20,RL,93,11160,Pave,NA,Reg,Lvl,AllPub
1252,120,RL,NA,3136,Pave,NA,IR1,Lvl,AllPub
1253,20,RL,62,9858,Pave,NA,Reg,Lvl,AllPub
1254,60,RL,NA,17542,Pave,NA,IR1,Lvl,AllPub
1255,60,RL,60,6931,Pave,NA,Reg,Lvl,AllPub
1256,50,RM,52,6240,Pave,NA,Reg,Lvl,AllPub
1257,20,RL,91,14303,Pave,NA,IR1,Lvl,AllPub
1258,30,RL,56,4060,Pave,NA,Reg,Lvl,AllPub
1259,80,RL,59,9587,Pave,NA,IR1,Lvl,AllPub
1260,20,RL,65,9750,Pave,NA,Reg,Lvl,AllPub
1261,60,RL,NA,24682,Pave,NA,IR3,Lvl,AllPub
1262,20,RL,80,9600,Pave,NA,Reg,Lvl,AllPub
1263,50,RL,NA,11250,Pave,NA,Reg,Lvl,AllPub
1264,70,RL,60,13515,Pave,Pave,Reg,Lvl,AllPub
1265,120,RH,34,4060,Pave,NA,Reg,Lvl,AllPub
1266,160,FV,35,3735,Pave,NA,Reg,Lvl,AllPub
1267,190,RM,60,10120,Pave,NA,IR1,Bnk,AllPub
1268,20,RL,89,13214,Pave,NA,IR1,HLS,AllPub
1269,50,RL,NA,14100,Pave,NA,IR1,Lvl,AllPub
1270,50,RL,78,11344,Pave,NA,Reg,Lvl,AllPub
1271,40,RL,NA,23595,Pave,NA,Reg,Low,AllPub
1272,20,RL,NA,9156,Pave,NA,IR1,Lvl,AllPub
1273,20,RL,NA,13526,Pave,NA,IR1,Lvl,AllPub
1274,80,RL,124,11512,Pave,NA,IR1,Lvl,AllPub
1275,50,RL,53,5362,Pave,NA,Reg,Lvl,AllPub
1276,90,RL,95,11345,Pave,NA,Reg,Lvl,AllPub
1277,60,RL,NA,12936,Pave,NA,IR1,Lvl,AllPub
1278,80,RL,NA,17871,Pave,NA,IR1,Lvl,AllPub
1279,60,RL,75,9473,Pave,NA,Reg,Lvl,AllPub
1280,50,C (all),60,7500,Pave,NA,Reg,Lvl,AllPub
1281,20,RL,67,9808,Pave,NA,IR1,Lvl,AllPub
1282,20,RL,50,8049,Pave,NA,IR1,Lvl,AllPub
1283,20,RL,61,8800,Pave,NA,IR1,Lvl,AllPub
1284,90,RL,94,9400,Pave,NA,Reg,Low,AllPub
1285,50,RL,50,9638,Pave,NA,Reg,Lvl,AllPub
1286,50,RM,50,6000,Pave,NA,Reg,Lvl,AllPub
1287,20,RL,NA,9790,Pave,NA,Reg,Lvl,AllPub
1288,20,RL,NA,36500,Pave,NA,IR1,Low,AllPub
1289,120,RL,40,5664,Pave,NA,IR1,Lvl,AllPub
1290,60,RL,86,11065,Pave,NA,IR1,Lvl,AllPub
1291,80,RL,NA,14112,Pave,NA,IR1,Lvl,AllPub
1292,160,RM,21,1680,Pave,NA,Reg,Lvl,AllPub
1293,70,RM,60,6600,Pave,NA,Reg,Lvl,AllPub
1294,60,RL,78,10140,Pave,NA,Reg,Lvl,AllPub
1295,20,RL,60,8172,Pave,NA,Reg,Lvl,AllPub
1296,20,RL,70,8400,Pave,NA,Reg,Lvl,AllPub
1297,20,RL,80,8700,Pave,NA,Reg,Lvl,AllPub
1298,180,RM,35,3675,Pave,NA,Reg,Lvl,AllPub
1299,60,RL,313,63887,Pave,NA,IR3,Bnk,AllPub
1300,20,RL,75,7500,Pave,NA,Reg,Lvl,AllPub
1301,60,RL,NA,10762,Pave,NA,IR1,Lvl,AllPub
1302,70,RL,NA,7500,Pave,NA,IR1,Bnk,AllPub
1303,60,RL,92,10120,Pave,NA,Reg,Lvl,AllPub
1304,20,RL,73,8688,Pave,NA,Reg,Lvl,AllPub
1305,160,RM,32,3363,Pave,NA,Reg,Lvl,AllPub
1306,20,RL,108,13173,Pave,NA,IR1,Lvl,AllPub
1307,120,RL,48,6955,Pave,NA,IR1,Lvl,AllPub
1308,20,RL,60,8072,Pave,NA,Reg,Lvl,AllPub
1309,20,RM,100,12000,Pave,NA,Reg,Lvl,AllPub
1310,20,RL,NA,7153,Pave,NA,Reg,Lvl,AllPub
1311,20,RL,100,17500,Pave,NA,Reg,Lvl,AllPub
1312,20,RL,68,8814,Pave,NA,Reg,Lvl,AllPub
1313,60,RL,NA,9572,Pave,NA,IR1,Lvl,AllPub
1314,60,RL,108,14774,Pave,NA,IR1,Lvl,AllPub
1315,20,RL,60,8190,Pave,NA,Reg,Lvl,AllPub
1316,60,RL,85,11075,Pave,NA,Reg,Lvl,AllPub
1317,20,RL,61,10226,Pave,NA,IR1,Lvl,AllPub
1318,120,FV,47,4230,Pave,Pave,Reg,Lvl,AllPub
1319,20,RL,NA,14781,Pave,NA,IR2,Lvl,AllPub
1320,20,RL,75,10215,Pave,NA,Reg,Bnk,AllPub
1321,20,RL,70,8400,Pave,NA,Reg,Lvl,AllPub
1322,20,RL,NA,6627,Pave,NA,IR1,Lvl,AllPub
1323,60,RL,107,10186,Pave,NA,IR1,Lvl,AllPub
1324,30,RL,50,5330,Pave,NA,Reg,HLS,AllPub
1325,20,RL,75,9986,Pave,NA,Reg,Lvl,AllPub
1326,30,RM,40,3636,Pave,NA,Reg,Lvl,AllPub
1327,30,RH,70,4270,Pave,NA,Reg,Bnk,AllPub
1328,20,RL,60,6600,Pave,NA,Reg,Lvl,AllPub
1329,50,RM,60,10440,Pave,Grvl,Reg,Lvl,AllPub
1330,60,RL,63,9084,Pave,NA,IR1,Lvl,AllPub
1331,20,RL,85,10000,Pave,NA,Reg,Lvl,AllPub
1332,80,RL,55,10780,Pave,NA,IR1,Lvl,AllPub
1333,20,RL,67,8877,Pave,NA,Reg,Lvl,AllPub
1334,50,RM,60,7200,Pave,NA,Reg,Lvl,AllPub
1335,160,RM,24,2368,Pave,NA,Reg,Lvl,AllPub
1336,20,RL,80,9650,Pave,NA,Reg,Lvl,AllPub
1337,90,RL,87,9246,Pave,NA,IR1,Lvl,AllPub
1338,30,RM,153,4118,Pave,Grvl,IR1,Bnk,AllPub
1339,60,RL,95,13450,Pave,NA,IR1,Lvl,AllPub
1340,20,RL,120,9560,Pave,NA,IR1,Lvl,AllPub
1341,20,RL,70,8294,Pave,NA,Reg,Lvl,AllPub
1342,20,RL,66,13695,Pave,NA,Reg,Lvl,AllPub
1343,60,RL,NA,9375,Pave,NA,Reg,Lvl,AllPub
1344,50,RL,57,7558,Pave,NA,Reg,Bnk,AllPub
1345,60,RL,85,11103,Pave,NA,IR1,Lvl,AllPub
1346,30,RM,50,6000,Pave,NA,Reg,Lvl,AllPub
1347,20,RL,NA,20781,Pave,NA,IR2,Lvl,AllPub
1348,20,RL,93,15306,Pave,NA,IR1,HLS,AllPub
1349,20,RL,NA,16196,Pave,NA,IR3,Low,AllPub
1350,70,RM,50,5250,Pave,Pave,Reg,Lvl,AllPub
1351,90,RL,91,11643,Pave,NA,Reg,Lvl,AllPub
1352,60,RL,70,9247,Pave,NA,IR1,Lvl,AllPub
1353,50,RM,50,6000,Pave,NA,Reg,Lvl,AllPub
1354,50,RL,56,14720,Pave,NA,IR1,Lvl,AllPub
1355,60,RL,NA,10316,Pave,NA,IR1,Lvl,AllPub
1356,80,RL,102,10192,Pave,NA,IR1,Lvl,AllPub
1357,20,RL,NA,9477,Pave,NA,Reg,Lvl,AllPub
1358,20,RL,NA,12537,Pave,NA,IR1,Lvl,AllPub
1359,160,FV,NA,2117,Pave,NA,Reg,Lvl,AllPub
1360,20,RL,129,16737,Pave,NA,Reg,Lvl,AllPub
1361,70,RL,51,9842,Pave,NA,Reg,Lvl,AllPub
1362,20,RL,124,16158,Pave,NA,IR1,Low,AllPub
1363,50,RL,NA,12513,Pave,NA,IR1,Lvl,AllPub
1364,60,RL,73,8499,Pave,NA,IR1,Lvl,AllPub
1365,160,FV,30,3180,Pave,Pave,Reg,Lvl,AllPub
1366,60,FV,NA,7500,Pave,NA,Reg,Lvl,AllPub
1367,60,RL,68,9179,Pave,NA,IR1,Lvl,AllPub
1368,160,RM,41,2665,Pave,NA,Reg,Lvl,AllPub
1369,120,RM,NA,4435,Pave,NA,Reg,Lvl,AllPub
1370,20,RL,48,10635,Pave,NA,IR2,Lvl,AllPub
1371,50,RL,90,5400,Pave,NA,Reg,Lvl,AllPub
1372,80,RL,80,9600,Pave,NA,Reg,Lvl,AllPub
1373,60,RL,75,9750,Pave,NA,Reg,Lvl,AllPub
1374,20,RL,NA,11400,Pave,NA,Reg,Lvl,AllPub
1375,60,FV,85,10625,Pave,NA,Reg,Lvl,AllPub
1376,20,RL,89,10991,Pave,NA,IR1,HLS,AllPub
1377,30,RL,52,6292,Pave,NA,Reg,Bnk,AllPub
1378,50,RL,60,10998,Pave,Grvl,Reg,Lvl,AllPub
1379,160,RM,21,1953,Pave,NA,Reg,Lvl,AllPub
1380,80,RL,73,9735,Pave,NA,Reg,Lvl,AllPub
1381,30,RL,45,8212,Pave,Grvl,Reg,Lvl,AllPub
1382,20,RL,NA,12925,Pave,NA,IR1,Lvl,AllPub
1383,70,RM,60,7200,Pave,NA,Reg,Lvl,AllPub
1384,30,RL,NA,25339,Pave,NA,Reg,Lvl,AllPub
1385,50,RL,60,9060,Pave,NA,Reg,Lvl,AllPub
1386,50,RM,40,5436,Pave,NA,Reg,Lvl,AllPub
1387,60,RL,80,16692,Pave,NA,IR1,Lvl,AllPub
1388,50,RM,60,8520,Pave,Grvl,Reg,Lvl,AllPub
1389,20,RL,42,14892,Pave,NA,IR1,HLS,AllPub
1390,50,RM,60,6000,Pave,NA,Reg,Lvl,AllPub
1391,20,RL,70,9100,Pave,NA,Reg,Lvl,AllPub
1392,90,RL,65,8944,Pave,NA,Reg,Lvl,AllPub
1393,85,RL,68,7838,Pave,NA,Reg,Lvl,AllPub
1394,190,RM,60,10800,Pave,Pave,Reg,Lvl,AllPub
1395,120,RL,53,4045,Pave,NA,Reg,Lvl,AllPub
1396,60,RL,88,12665,Pave,NA,IR1,Lvl,AllPub
1397,20,RL,NA,57200,Pave,NA,IR1,Bnk,AllPub
1398,70,RM,51,6120,Pave,NA,Reg,Lvl,AllPub
1399,50,RL,60,7200,Pave,NA,Reg,Lvl,AllPub
1400,50,RL,51,6171,Pave,NA,Reg,Lvl,AllPub
1401,50,RM,50,6000,Pave,NA,Reg,Lvl,AllPub
1402,60,RL,62,7415,Pave,NA,IR1,Lvl,AllPub
1403,20,RL,64,6762,Pave,NA,Reg,Lvl,AllPub
1404,20,RL,49,15256,Pave,NA,IR1,Lvl,AllPub
1405,50,RL,60,10410,Pave,Grvl,Reg,Lvl,AllPub
1406,120,RM,44,3842,Pave,NA,IR1,HLS,AllPub
1407,85,RL,70,8445,Pave,NA,Reg,Lvl,AllPub
1408,20,RL,NA,8780,Pave,NA,IR1,Lvl,AllPub
1409,70,RM,60,7740,Pave,NA,Reg,Lvl,AllPub
1410,60,RL,46,20544,Pave,NA,IR1,Lvl,AllPub
1411,60,RL,79,12420,Pave,NA,Reg,Lvl,AllPub
1412,50,RL,80,9600,Pave,NA,Reg,Lvl,AllPub
1413,90,RL,60,7200,Pave,NA,Reg,Lvl,AllPub
1414,20,RL,88,10994,Pave,NA,IR1,Lvl,AllPub
1415,50,RL,64,13053,Pave,Pave,Reg,Bnk,AllPub
1416,120,RL,51,3635,Pave,NA,Reg,Lvl,AllPub
1417,190,RM,60,11340,Pave,NA,Reg,Lvl,AllPub
1418,60,RL,NA,16545,Pave,NA,IR1,Lvl,AllPub
1419,20,RL,71,9204,Pave,NA,Reg,Lvl,AllPub
1420,20,RL,NA,16381,Pave,NA,IR1,Lvl,AllPub
1421,60,RL,90,11700,Pave,NA,Reg,Lvl,AllPub
1422,120,RL,53,4043,Pave,NA,Reg,Lvl,AllPub
1423,120,RM,37,4435,Pave,NA,Reg,Lvl,AllPub
1424,80,RL,NA,19690,Pave,NA,IR1,Lvl,AllPub
1425,20,RL,NA,9503,Pave,NA,Reg,Lvl,AllPub
1426,20,RL,80,10721,Pave,NA,IR1,Lvl,AllPub
1427,60,RL,81,10944,Pave,NA,IR1,Lvl,AllPub
1428,50,RL,60,10930,Pave,Grvl,Reg,Bnk,AllPub
1429,30,RM,60,7200,Pave,NA,Reg,Lvl,AllPub
1430,20,RL,NA,12546,Pave,NA,IR1,Lvl,AllPub
1431,60,RL,60,21930,Pave,NA,IR3,Lvl,AllPub
1432,120,RL,NA,4928,Pave,NA,IR1,Lvl,AllPub
1433,30,RL,60,10800,Pave,Grvl,Reg,Lvl,AllPub
1434,60,RL,93,10261,Pave,NA,IR1,Lvl,AllPub
1435,20,RL,80,17400,Pave,NA,Reg,Low,AllPub
1436,20,RL,80,8400,Pave,NA,Reg,Lvl,AllPub
1437,20,RL,60,9000,Pave,NA,Reg,Lvl,AllPub
1438,20,RL,96,12444,Pave,NA,Reg,Lvl,AllPub
1439,20,RM,90,7407,Pave,NA,Reg,Lvl,AllPub
1440,60,RL,80,11584,Pave,NA,Reg,Lvl,AllPub
1441,70,RL,79,11526,Pave,NA,IR1,Bnk,AllPub
1442,120,RM,NA,4426,Pave,NA,Reg,Lvl,AllPub
1443,60,FV,85,11003,Pave,NA,Reg,Lvl,AllPub
1444,30,RL,NA,8854,Pave,NA,Reg,Lvl,AllPub
1445,20,RL,63,8500,Pave,NA,Reg,Lvl,AllPub
1446,85,RL,70,8400,Pave,NA,Reg,Lvl,AllPub
1447,20,RL,NA,26142,Pave,NA,IR1,Lvl,AllPub
1448,60,RL,80,10000,Pave,NA,Reg,Lvl,AllPub
1449,50,RL,70,11767,Pave,NA,Reg,Lvl,AllPub
1450,180,RM,21,1533,Pave,NA,Reg,Lvl,AllPub
1451,90,RL,60,9000,Pave,NA,Reg,Lvl,AllPub
1452,20,RL,78,9262,Pave,NA,Reg,Lvl,AllPub
1453,180,RM,35,3675,Pave,NA,Reg,Lvl,AllPub
1454,20,RL,90,17217,Pave,NA,Reg,Lvl,AllPub
1455,20,FV,62,7500,Pave,Pave,Reg,Lvl,AllPub
1456,60,RL,62,7917,Pave,NA,Reg,Lvl,AllPub
1457,20,RL,85,13175,Pave,NA,Reg,Lvl,AllPub
1458,70,RL,66,9042,Pave,NA,Reg,Lvl,AllPub
1459,20,RL,68,9717,Pave,NA,Reg,Lvl,AllPub
1460,20,RL,75,9937,Pave,NA,Reg,Lvl,AllPub
